Sport,Date,Competition,Description
Basketball,16-Feb 13:00,Baltic Basketball League (W),MKK Panevezys Women v TTT Riga Women
Basketball,16-Feb 13:30,Turkey TKBL (W),Emlak Konut Gelisim Women v Turgutlu Women
Basketball,16-Feb 15:00,Greece A2 Ethniki,Koroivos v AS Papagou
Basketball,16-Feb 16:00,Adriatic League,BC Dubai v KK Bosna Sarajevo
Basketball,16-Feb 16:30,Greece A2 Ethniki,Psychikou v AEO Proteas Voulas
Basketball,16-Feb 16:30,Slovakia Extraliga,Inter Bratislava v BC Prievidza
Basketball,16-Feb 16:30,Slovenia Liga Telemach,KK Helios Suns v Terme Olimia Podcetrtek
Basketball,16-Feb 17:00,Israel Cup,Hapoel Gilboa Galil Elyon v Bnei Herzliya
Basketball,16-Feb 17:00,Turkey TBL,Darussafaka v Goztepe
Basketball,16-Feb 17:00,Bulgaria NBL,Spartak Pleven v Lokomotiv Plovdiv
Basketball,16-Feb 17:00,NCAA Women,Nebraska Cornhuskers Women v Iowa Hawkeyes Women
Basketball,16-Feb 17:00,Turkey TBL,Ormanspor v Semt77 Yalovaspor
Basketball,16-Feb 17:15,Bulgaria NBL,Levski v BC Botev 2012
Basketball,16-Feb 18:04,Sweden Ligan,Hogsbo v BC Lulea
Basketball,16-Feb 18:15,Denmark Basketligaen,Team FOG Naestved v Bakken Bears
Basketball,16-Feb 19:00,NCAA,Southeastern Louisiana Lions @ East Texas A&M Lions
Basketball,16-Feb 19:00,NCAA Women,Oklahoma State Cowgirls Women v Utah Utes Women
Basketball,16-Feb 19:30,Italy A2 Gold,Baltur Cento v Libertas Livorno 1947 SSD
Basketball,16-Feb 21:00,Brazil NBB,Rio Claro v Flamengo
Basketball,16-Feb 21:00,NCAA Women,George Mason Patriots Women v Richmond Spiders Women
Basketball,16-Feb 22:00,NCAA,UL Lafayette Ragin' Cajuns @ Old Dominion Monarchs
Basketball,16-Feb 23:00,NCAA,Colgate Raiders @ Boston University Terriers
Basketball,16-Feb 23:00,Brazil NBB,Vasco da Gama RJ v Paschoalotto/Bauru
Basketball,16-Feb 23:00,Argentina LNB,Boca Juniors v Ciclista Olimpico
Basketball,16-Feb 23:15,Uruguay Liga Capital,Aguada v Hebraica Macabi
Basketball,16-Feb 23:15,Uruguay Liga Capital,Union Atletica v Nacional
Basketball,16-Feb 23:30,Argentina LNB,Club Atletico San Lorenzo de Almagro v Obera TC
Basketball,17-Feb 00:00,NCAA,Mississippi Valley State Delta Devils @ Alabama St Hornets
Basketball,17-Feb 00:00,NCAA,Syracuse Orange @ Duke Blue Devils
Basketball,17-Feb 00:00,NCAA,Coppin State Eagles @ South Carolina State Bulldogs
Basketball,17-Feb 00:00,NCAA,Bethune Cookman Wildcats @ Jackson State Tigers
Basketball,17-Feb 00:00,NCAA,Howard Bison @ Delaware State Hornets
Basketball,17-Feb 00:00,NCAA,Norfolk State Spartans @ Maryland Eastern Shore Hawks
Basketball,17-Feb 00:00,NCAA,Syracuse Orange @ Duke Blue Devils
Basketball,17-Feb 00:00,NCAA,Morgan St Bears @ North Carolina Central Eagles
Basketball,17-Feb 00:00,NCAA,Bethune Cookman Wildcats @ Jackson State Tigers
Basketball,17-Feb 00:00,NCAA,Mississippi Valley State Delta Devils @ Alabama St Hornets
Basketball,17-Feb 00:00,NCAA,South Alabama Jaguars @ Marshall Thundering Herd
Basketball,17-Feb 00:30,NCAA,New Orleans Privateers @ Incarnate Word Cardinals
Basketball,17-Feb 00:30,NCAA,Lamar Cardinals @ UT Rio Grande Valley Vaqueros
Basketball,17-Feb 00:30,NCAA,Mcneese State Cowboys @ Northwestern State Demons
Basketball,17-Feb 00:30,Argentina LNB,San Martin Corrientes v La Union
Basketball,17-Feb 01:00,NCAA,Southern University Jaguars @ Texas Southern Tigers
Basketball,17-Feb 01:00,NCAA,Florida A&M Rattlers @ Alcorn State Braves
Basketball,17-Feb 01:00,NCAA,Arkansas Pine Bluff Golden Lions @ Alabama A&M Bulldogs
Basketball,17-Feb 01:00,NCAA,Nicholls State Colonels @ Houston Christian
Basketball,17-Feb 01:00,NCAA,Stephen Austin Lumberjacks @ Texas A&M CC Islanders
Basketball,17-Feb 01:00,NCAA,Drexel Dragons @ Stony Brook Seawolves
Basketball,17-Feb 01:00,NCAA,Abilene Christian Wildcats @ Tarleton State Texans
Basketball,17-Feb 02:00,NCAA,Houston Cougars @ Iowa State Cyclones
Basketball,17-Feb 05:00,South Korea KBL,Daegu Kogas Pegasus v Suwon KT Sonicboom
Basketball,17-Feb 07:30,South Korea KBL,Samsung Thunders v SK Knights
Basketball,17-Feb 08:00,Australia WNBL,Bendigo Spirit Women v Perth Lynx Women
Basketball,17-Feb 15:00,Turkish Kupasi,Turk Telekom v Trabzonspor
Basketball,17-Feb 15:00,Greece Cup,Maroussi Athens v Aris Thessaloniki BC
Basketball,17-Feb 16:00,France ProB LNB,Blois v Gries-Souffel
Basketball,17-Feb 16:00,France ProB LNB,Hyeres-Toulon v Stade Rochelais Basket
Basketball,17-Feb 16:30,Finland Korisliiga,Tapiolan Honka v Kauhajoen Karhu
Basketball,17-Feb 16:30,Czech Republic NBL,BK JIP Pardubice v CEZ Nymburk
Basketball,17-Feb 16:30,Finland Korisliiga,KTP-Basket v UU-Korihait
Basketball,17-Feb 16:30,Czech Republic NBL,Slavia Prague v TJ Sokol Hradec Kralove
Basketball,17-Feb 16:30,Finland Korisliiga,Helsinki Seagulls v Salon Vilpas
Basketball,17-Feb 16:30,Finland Korisliiga,Tapiolan Honka v Kauhajoen Karhu
Basketball,17-Feb 16:30,Finland Korisliiga,KTP-Basket v UU-Korihait
Basketball,17-Feb 16:45,Lithuania LKL,BC Juventus v Rytas Vilnius
Basketball,17-Feb 17:00,Czech Republic NBL,MMCITE Brno v NH Ostrava
Basketball,17-Feb 17:00,Poland PBL,Twarde Pierniki Torun v MOSiR Krosno
Basketball,17-Feb 17:00,Israel Ligat Haal,Maccabi Rishon LeZion v Elitzur Kiryat Ata
Basketball,17-Feb 17:00,Czech Republic NBL,BK Opava v SLUNETA Usti nad Labem
Basketball,17-Feb 17:00,Latvia - Estonian Basketball League,Valmiera Glass VIA v BK VEF Riga
Basketball,17-Feb 17:00,Czech Republic NBL,BK Olomoucko v USK Praha
Basketball,17-Feb 17:00,Czech Republic NBL,BK Decin v Sokol Pisek
Basketball,17-Feb 17:30,Germany BBL,FC Bayern Munich Basketball v Skyliners Frankfurt
Basketball,17-Feb 17:30,Turkish Kupasi,Esenler Erokspor v Fenerbahce
Basketball,17-Feb 18:00,Greece Cup,Olympiakos BC v AEK Athens
Basketball,17-Feb 18:04,Sweden Ligan,Umea BSKT v Jamtland Basket
Basketball,17-Feb 18:04,Sweden Ligan,Sodertalje Kings v Koping Basket
Basketball,17-Feb 18:04,Sweden Ligan,Sloga Uppsala v Boras Basket
Basketball,17-Feb 18:04,Sweden Ligan,Nassjo Basket v Dolphins
Basketball,17-Feb 18:30,BNXT League,Gasterra Flames Groningen v New Heroes Den Bosch
Basketball,17-Feb 18:30,Switzerland LNA,Geneva Lions v BBC Lausanne
Basketball,17-Feb 19:00,France ProB LNB,Entente Orleanaise v Antibes
Basketball,17-Feb 19:00,France Coupe de France,Blois v Nanterre
Basketball,17-Feb 19:00,France Coupe de France,Hyeres-Toulon v Elan Chalon
Basketball,17-Feb 19:00,France Coupe de France,Asvel Villeurbanne v Monaco
Basketball,17-Feb 19:00,France ProB LNB,Rouen v Saint-Chamond
Basketball,17-Feb 19:00,France ProB LNB,Reims v Evreux
Basketball,17-Feb 19:00,France ProB LNB,ASC Denain v Caen Basket Calvados
Basketball,17-Feb 19:00,France ProB LNB,Aix Maurienne Savoie v Chorale Roanne
Basketball,17-Feb 19:00,France Coupe de France,Le Mans v Strasbourg
Basketball,17-Feb 19:00,Germany BBL,Alba Berlin v Hamburg Towers
Basketball,17-Feb 19:00,France ProB LNB,UJAP Quimper 29 v Vichy-Clermont
Basketball,17-Feb 19:15,Iceland Premier League Women,Hamar Thor v KR Women
Basketball,17-Feb 19:15,Iceland Premier League Women,Hamar Thor v KR Women
Basketball,17-Feb 19:15,Iceland Premier League Women,Keflavik Women v Grindavik Women
Basketball,17-Feb 19:15,Iceland Premier League Women,Valur Women v Stjarnan Women
Basketball,17-Feb 19:15,Iceland Premier League Women,Haukar Hafnarfjördur Women v Njardvik Women
Basketball,17-Feb 19:15,Iceland Premier League Women,Armann Women v Tindastoll Women
Basketball,17-Feb 19:30,France ProB LNB,Vendee Challans v Poitiers
Basketball,17-Feb 19:30,France ProB LNB,Pau Lacq Orthez v Nantes Atlantique
Basketball,17-Feb 22:00,Brazil NBB,Minas v Brasilia
Basketball,17-Feb 23:00,NCAA,Gardner Webb Runnin' Bulldogs @ Charleston Southern Buccaneers
Basketball,17-Feb 23:00,Argentina LNB,Ferro Caba v Instituto (C)
Basketball,17-Feb 23:00,Brazil NBB,Botafogo v Franca Basquetebol Clube
Basketball,17-Feb 23:00,NCAA,Boston College Eagles @ Florida State Seminoles
Basketball,17-Feb 23:30,NCAA,Central Michigan Chippewas @ Eastern Michigan Eagles
Basketball,17-Feb 23:30,Argentina LNB,Platense v Argentino de Junin
Basketball,17-Feb 23:30,NCAA,Northern Illinois Huskies @ Buffalo Bulls
Basketball,17-Feb 23:30,NCAA,Michigan Wolverines @ Purdue Boilermakers
Basketball,17-Feb 23:30,NCAA,Villanova Wildcats @ Xavier Musketeers
Basketball,18-Feb 00:00,NCAA,Miami Ohio RedHawks @ Massachusetts Minutemen
Basketball,18-Feb 00:00,NCAA,North Carolina Tar Heels @ North Carolina State Wolfpack
Basketball,18-Feb 00:00,NCAA,Arkansas Razorbacks @ Alabama Crimson Tide
Basketball,18-Feb 00:00,NCAA,TCU Horned Frogs @ Central Florida Knights
Basketball,18-Feb 00:00,NCAA,Saint Louis Billikens @ Rhode Island Rams
Basketball,18-Feb 00:00,NCAA,Louisville Cardinals @ SMU Mustangs
Basketball,18-Feb 00:00,NCAA,Kent State Golden Flashes @ Bowling Green Falcons
Basketball,18-Feb 00:00,NCAA,Ball State Cardinals @ Ohio Bobcats
Basketball,18-Feb 00:00,NCAA,Akron Zips @ Western Michigan Broncos
Basketball,18-Feb 00:00,NCAA,South Carolina Gamecocks @ Florida Gators
Basketball,18-Feb 00:30,Argentina LNB,Atenas v CA Union Santa Fe
Basketball,18-Feb 01:00,NCAA,Virginia Tech Hokies @ Miami FL Hurricanes
Basketball,18-Feb 01:00,NCAA,George Washington Revolutionaries @ VCU Rams
Basketball,18-Feb 01:30,NCAA,Fresno State Bulldogs @ Wyoming Cowboys
Basketball,18-Feb 01:30,NCAA,Fresno State Bulldogs @ Wyoming Cowboys
Basketball,18-Feb 01:30,NCAA,UCLA Bruins @ Michigan State Spartans
Basketball,18-Feb 01:30,NCAA,Southeast Missouri State Redhawks @ Tennessee Martin Skyhawks
Basketball,18-Feb 01:30,NCAA,Wisconsin Badgers @ Ohio State Buckeyes
Basketball,18-Feb 02:00,NCAA,Baylor Bears @ Kansas State Wildcats
Basketball,18-Feb 02:00,NCAA,Air Force Falcons @ New Mexico Lobos
Basketball,18-Feb 02:00,NCAA,Nebraska Cornhuskers @ Iowa Hawkeyes
Basketball,18-Feb 02:00,NCAA,LSU Tigers @ Texas Longhorns
Basketball,18-Feb 02:00,NCAA,Georgia Bulldogs @ Kentucky Wildcats
Basketball,18-Feb 03:00,NCAA,Grand Canyon Antelopes @ San Diego State Aztecs
Basketball,18-Feb 03:00,NCAA,Nevada Wolfpack @ San Jose State Spartans
Basketball,18-Feb 03:30,NCAA,Minnesota Golden Gophers @ Oregon Ducks
Basketball,18-Feb 04:00,NCAA,Texas Tech Red Raiders @ Arizona State Sun Devils
Basketball,18-Feb 05:00,South Korea KBL,Anyang KGC v Wonju Dongbu Promy
Basketball,18-Feb 07:00,Korea WKBL,Samsunglife Blueminx Women v KB Stars Women
Basketball,18-Feb 07:30,South Korea KBL,Busan KCC Egis v Changwon LG Sakers
Basketball,18-Feb 08:00,Australia WNBL,Southside Flyers Women v Townsville Fire Women
Basketball,18-Feb 08:35,Australia NBL,Tasmania JackJumpers v Illawarra Hawks
Basketball,18-Feb 11:30,Spain Women's Liga Femenina,Club Joventut Badalona Women v CB Estudiantes Madrid Women
Basketball,18-Feb 12:30,Indonesia IBL,Bumi Borneo Basketball Pontianak v Dewa United Surabaya
Basketball,18-Feb 15:00,Turkish Kupasi,Tofas SK v Besiktas JK
Basketball,18-Feb 15:00,Greece Cup,Iraklis Thessaloniki v Mykonos
Basketball,18-Feb 16:15,Lithuania LKL,BC Lietkabelis v BC Siauliai
Basketball,18-Feb 16:30,Lithuania LKL,Nevezis v Zalgiris Kaunas
Basketball,18-Feb 16:30,Czech Republic NBL,BK JIP Pardubice v CEZ Nymburk
Basketball,18-Feb 16:30,Finland Korisliiga,Nilan Bisons v Namika Lahti
Basketball,18-Feb 17:00,Latvia - Estonian Basketball League,Valmiera Glass VIA v BK VEF Riga
Basketball,18-Feb 17:00,Euroleague Women,Fenerbahce Women v Spar Citylift Girona Women
Basketball,18-Feb 17:00,Latvia - Estonian Basketball League,Liepajas Lauvas v Ventspils
Basketball,18-Feb 17:00,Czech Republic NBL,BK Decin v Sokol Pisek
Basketball,18-Feb 17:00,Czech Republic NBL,BK Opava v SLUNETA Usti nad Labem
Basketball,18-Feb 17:00,Czech Republic NBL,BK Opava v SLUNETA Usti nad Labem
Basketball,18-Feb 17:00,Israel Ligat Haal,Hapoel Tel Aviv v Ironi Ramat Gan
Basketball,18-Feb 17:00,Italy Coppa Italia,Germani Basket Brescia v Amici Pallacanestro Udinese
Basketball,18-Feb 17:30,Latvia - Estonian Basketball League,BK Rigas Zelli v Ogres BS
Basketball,18-Feb 17:30,Turkish Kupasi,Bahcesehir Koleji v Anadolu Efes
Basketball,18-Feb 17:30,Germany BBL,Rostock Seawolves v Brose Bamberg
Basketball,18-Feb 17:30,Baltic Basketball League (W),Klaipedos LCC Women v Klaipedos Neptunas Women
Basketball,18-Feb 17:30,Germany BBL,Braunschweig v Baskets Wurzburg
Basketball,18-Feb 17:30,Germany BBL,Ratiopharm Ulm v Baskets Oldenburg
Basketball,18-Feb 18:00,Sweden Basketligan Women,Sodertalje Women v Lulea BBK Women
Basketball,18-Feb 18:00,Norway BLNO,Centrum Tigers v Asker Aliens
Basketball,18-Feb 18:00,Euroleague Women,ZVVZ USK Prague Women v Casademont Zaragoza Women
Basketball,18-Feb 18:00,Norway BLNO,Gimle BBK v Fyllingen
Basketball,18-Feb 18:00,Greece Cup,Panathinaikos BC v PAOK Thessaloniki
Basketball,18-Feb 18:00,Denmark Basketligaen,Svendborg Rabbits v Randers Cimbria
Basketball,18-Feb 18:30,Switzerland LNA,Sam Basket Massagno v BBC Monthey
Basketball,18-Feb 18:30,BNXT League,Den Helder Suns v Landstede Basketbal Zwolle
Basketball,18-Feb 18:30,Switzerland LNA,Fribourg Olympic v BBC Nyon
Basketball,18-Feb 18:30,Switzerland LNA,Starwings Basket Regio Basel v Neuchatel
Basketball,18-Feb 18:30,Euroleague Women,Reyer Venezia Mestre Women v Famila Schio Women
Basketball,18-Feb 19:00,BNXT League,Rotterdam City v Leeuwarden
Basketball,18-Feb 19:00,BNXT League,Leiden v Brussels
Basketball,18-Feb 19:00,Germany BBL,Baskets Bonn v SC Rasta Vechta
Basketball,18-Feb 19:00,BNXT League,BAL Weert v Kortrijk
Basketball,18-Feb 19:00,Germany BBL,BV Chemnitz 99 v Academics Heidelberg
Basketball,18-Feb 19:00,Super League,Manchester Basketball v Newcastle Eagles
Basketball,18-Feb 19:15,Iceland Premier League Women,Keflavik Women v Grindavik Women
Basketball,18-Feb 19:15,Iceland Premier League Women,Hamar Thor v KR Women
Basketball,18-Feb 19:30,BNXT League,Okapi Aalstar v Antwerp Giants
Basketball,18-Feb 19:30,BNXT League,BC Oostende v Leuven Bears
Basketball,18-Feb 19:30,BNXT League,Spirou Charleroi v Hubo Limburg United
Basketball,18-Feb 19:30,BNXT League,Spirou Charleroi v Hubo Limburg United
Basketball,18-Feb 19:30,BNXT League,Kangoeroes Basket Willebroek v Dexia Mons-Hainaut
Basketball,18-Feb 19:45,Italy Coppa Italia,Olimpia Milano v Pallacanestro Trieste
Basketball,18-Feb 20:00,Spain ACB,CB Gran Canaria v Bilbao Basket
Basketball,18-Feb 22:30,Brazil NBB,Basquete Cearen v Pato Basquete
Basketball,18-Feb 23:00,NCAA,Rutgers Scarlet Knights @ Penn State Nittany Lions
Basketball,18-Feb 23:00,NCAA,Lafayette College Leopards @ Holy Cross Crusaders
Basketball,18-Feb 23:00,NCAA,Virginia Military Keydets @ Wofford Terriers
Basketball,18-Feb 23:00,Brazil NBB,Sport Clube Corinthians Paulista v Mogi das Cruzes
Basketball,18-Feb 23:15,Uruguay Liga Capital,Urunday v Penarol
Basketball,18-Feb 23:15,Uruguay Liga Capital,Bigua v Welcome
Basketball,18-Feb 23:30,NCAA,East Tennessee State Buccaneers @ Furman Paladins
Basketball,18-Feb 23:30,NCAA,Cleveland State Vikings @ Youngstown State Penguins
Basketball,18-Feb 23:30,NCAA,Butler Bulldogs @ Georgetown Hoyas
Basketball,19-Feb 00:00,NCAA,Oklahoma Sooners @ Tennessee Volunteers
Basketball,19-Feb 00:00,NCAA,Creighton Bluejays @ Connecticut Huskies
Basketball,19-Feb 00:00,NCAA,Southern Illinois Salukis @ Drake University Bulldogs
Basketball,19-Feb 00:00,NCAA,Northern Iowa Panthers @ Indiana State Sycamores
Basketball,19-Feb 00:00,NCAA,Saint Josephs Hawks @ St Bonaventure Bonnies
Basketball,19-Feb 00:00,NCAA,Murray State Racers @ Illinois State Redbirds
Basketball,19-Feb 00:00,NCAA,UAB Blazers @ Temple Owls
Basketball,19-Feb 00:00,NCAA,Loyola Chicago Ramblers @ Fordham Rams
Basketball,19-Feb 00:00,NCAA,La Salle Explorers @ Duquesne Dukes
Basketball,19-Feb 00:00,NCAA,American University Eagles @ Bucknell Bison
Basketball,19-Feb 00:00,NCAA,Richmond Spiders @ Davidson Wildcats
Basketball,19-Feb 00:00,NCAA,Army Black Knights @ Loyola Maryland Greyhounds
Basketball,19-Feb 00:00,NCAA,West Georgia Wolves @ Eastern Kentucky Colonels
Basketball,19-Feb 00:00,NCAA,Clemson Tigers @ Wake Forest Demon Deacons
Basketball,19-Feb 00:00,NCAA,NC Greensboro Spartans @ Western Carolina Catamounts
Basketball,19-Feb 00:00,NCAA,Wichita State Shockers @ East Carolina Pirates
Basketball,19-Feb 00:00,NCAA,Queens Royals @ North Alabama Lions
Basketball,19-Feb 00:00,NCAA,Queens Royals @ North Alabama Lions
Basketball,19-Feb 00:00,NCAA,Lehigh Mountain Hawks @ Navy Midshipmen
Basketball,19-Feb 00:00,Argentina LNB,Obras Sanitarias v Obera TC
Basketball,19-Feb 00:00,NCAA,Dayton Flyers @ George Mason Patriots
Basketball,19-Feb 00:00,NCAA,Arkansas Razorbacks @ Alabama Crimson Tide
Basketball,19-Feb 00:00,NCAA,James Madison Dukes @ Coastal Carolina Chanticleers
Basketball,19-Feb 00:00,NCAA,Ole Miss Rebels @ Texas A&M Aggies
Basketball,19-Feb 00:00,NCAA,Purdue Fort Wayne Mastodons @ Northern Kentucky Norse
Basketball,19-Feb 00:00,NCAA,Jacksonville Dolphins @ Florida Gulf Coast Eagles
Basketball,19-Feb 00:00,NCAA,Western Kentucky Hilltoppers @ Delaware Fightin Blue Hens
Basketball,19-Feb 00:00,Argentina LNB,Gimnasia y Esgrima (CR) v Racing Chivilcoy
Basketball,19-Feb 00:30,NCAA,Lipscomb Bisons @ Bellarmine Knights
Basketball,19-Feb 00:30,NCAA,Jacksonville St Gamecocks @ Louisiana Tech Bulldogs
Basketball,19-Feb 00:30,NCAA,Troy Trojans @ Louisiana Monroe Warhawks
Basketball,19-Feb 00:30,Argentina LNB,Regatas Corrientes v La Union
Basketball,19-Feb 00:30,NCAA,Middle Tennessee Blue Raiders @ Sam Houston St. Bearkats
Basketball,19-Feb 01:00,NCAA,Illinois Chicago Flames @ Evansville Purple Aces
Basketball,19-Feb 01:00,NCAA,Florida Atlantic Owls @ UTSA Roadrunners
Basketball,19-Feb 01:00,NCAA,DePaul Blue Demons @ Seton Hall Pirates
Basketball,19-Feb 01:00,NCAA,Charlotte 49ers @ Tulsa Golden Hurricanes
Basketball,19-Feb 01:00,NCAA,Maryland Terrapins @ Northwestern Wildcats
Basketball,19-Feb 01:00,NCAA,Bradley Braves @ Valparaiso Beacons
Basketball,19-Feb 01:00,NCAA,Oral Roberts Golden Eagles @ Nebraska Omaha Mavericks
Basketball,19-Feb 01:00,NCAA,Kennesaw State Owls @ Missouri State Bears
Basketball,19-Feb 01:00,NCAA,North Dakota State Bison @ South Dakota State Jackrabbits
Basketball,19-Feb 01:00,NCAA,North Carolina Central Eagles @ South Carolina State Bulldogs
Basketball,19-Feb 01:30,NCAA,Utah Utes @ West Virginia Mountaineers
Basketball,19-Feb 02:00,NCAA,Virginia Cavaliers @ Georgia Tech Yellow Jackets
Basketball,19-Feb 02:00,NCAA,Kansas Jayhawks @ Oklahoma State Cowboys
Basketball,19-Feb 02:00,NCAA,BYU Cougars @ Arizona Wildcats
Basketball,19-Feb 02:00,NCAA,Vanderbilt Commodores @ Missouri Tigers
Basketball,19-Feb 02:00,NCAA,Vanderbilt Commodores @ Missouri Tigers
Basketball,19-Feb 02:00,NCAA,Saint Mary's Gaels @ Seattle Redhawks
Basketball,19-Feb 02:00,NCAA,St Johns Red Storm @ Marquette Golden Eagles
Basketball,19-Feb 02:00,NCAA,Auburn Tigers @ Mississippi State Bulldogs
Basketball,19-Feb 02:30,NCAA,Pacific Tigers @ Washington State Cougars
Basketball,19-Feb 03:00,NCAA,Illinois Fighting Illini @ USC Trojans
Basketball,19-Feb 03:00,NCAA,Pepperdine Waves @ Portland Pilots
Basketball,19-Feb 03:30,NCAA,Boise State Broncos @ Utah State Aggies
Basketball,19-Feb 04:00,NCAA,Gonzaga Bulldogs @ San Francisco Dons
Basketball,19-Feb 04:00,NCAA,Colorado State Rams @ UNLV Rebels
Basketball,19-Feb 06:35,Australia NBL,New Zealand Breakers v Cairns Taipans
Basketball,19-Feb 08:35,Australia NBL,Melbourne United v South East Melbourne Phoenix
Basketball,19-Feb 10:00,South Korea KBL,Daegu Kogas Pegasus v SK Knights
Basketball,19-Feb 10:00,South Korea KBL,Goyang Skygunners v Samsung Thunders
Darts,16-Feb 12:20,Modus Super Series,Jyri Ussa v Robert Thornton
Darts,16-Feb 12:35,Modus Super Series,Adrian Devine v Andy Baetens
Darts,16-Feb 12:50,Modus Super Series,Robert Thornton v Graham Hall
Darts,16-Feb 13:05,Modus Super Series,Justin Smith v Jyri Ussa
Darts,16-Feb 13:06,Players Championship,Dirk van Duijvenbode v Kim Huybrechts
Darts,16-Feb 13:30,Players Championship,Kai Gotthardt v Leon Weber
Darts,16-Feb 13:55,Players Championship,Niko Springer v Mervyn King
Darts,16-Feb 14:20,Players Championship,Max Hopp v Dominik Grullich
Darts,17-Feb 09:35,Modus Super Series,Jyri Ussa v Justin Smith
Darts,17-Feb 09:50,Modus Super Series,Graham Hall v Robert Thornton
Darts,17-Feb 10:05,Modus Super Series,Andy Baetens v Adrian Devine
Darts,17-Feb 10:20,Modus Super Series,Robert Thornton v Jyri Ussa
Darts,17-Feb 10:35,Modus Super Series,Justin Smith v Adrian Devine
Darts,17-Feb 10:50,Modus Super Series,Graham Hall v Andy Baetens
Darts,17-Feb 11:05,Modus Super Series,Adrian Devine v Robert Thornton
Darts,17-Feb 11:20,Modus Super Series,Jyri Ussa v Graham Hall
Darts,17-Feb 11:35,Modus Super Series,Andy Baetens v Justin Smith
Darts,17-Feb 11:50,Modus Super Series,Jyri Ussa v Adrian Devine
Darts,17-Feb 12:05,Modus Super Series,Robert Thornton v Andy Baetens
Darts,17-Feb 12:20,Modus Super Series,Graham Hall v Justin Smith
Darts,17-Feb 12:35,Modus Super Series,Andy Baetens v Jyri Ussa
Darts,17-Feb 12:50,Modus Super Series,Adrian Devine v Graham Hall
Darts,17-Feb 13:05,Modus Super Series,Justin Smith v Robert Thornton
Darts,18-Feb 09:35,Modus Super Series,Graham Hall v Adrian Devine
Darts,18-Feb 09:50,Modus Super Series,Robert Thornton v Jyri Ussa
Darts,18-Feb 10:05,Modus Super Series,Andy Baetens v Justin Smith
Darts,18-Feb 10:20,Modus Super Series,Adrian Devine v Robert Thornton
Darts,18-Feb 10:35,Modus Super Series,Justin Smith v Graham Hall
Darts,18-Feb 10:50,Modus Super Series,Jyri Ussa v Andy Baetens
Darts,18-Feb 11:05,Modus Super Series,Adrian Devine v Justin Smith
Darts,18-Feb 11:20,Modus Super Series,Robert Thornton v Andy Baetens
Darts,18-Feb 11:20,Modus Super Series,Robert Thornton v Andy Baetens
Darts,18-Feb 11:35,Modus Super Series,Graham Hall v Jyri Ussa
Darts,18-Feb 11:50,Modus Super Series,Justin Smith v Robert Thornton
Darts,18-Feb 12:05,Modus Super Series,Jyri Ussa v Adrian Devine
Darts,18-Feb 12:20,Modus Super Series,Andy Baetens v Graham Hall
Darts,18-Feb 12:35,Modus Super Series,Jyri Ussa v Justin Smith
Darts,18-Feb 12:50,Modus Super Series,Graham Hall v Robert Thornton
Darts,18-Feb 13:05,Modus Super Series,Adrian Devine v Andy Baetens
Football,16-Feb 11:00,Turkey Division 2 Kirmizi,Mardin BB Spor v Somaspor
Football,16-Feb 11:00,Club Friendly,AaB v IBV
Football,16-Feb 11:30,India Super League,Odisha FC v Punjab Football Club
Football,16-Feb 12:00,Kosovo Superleague,FC Ballkani v KF Malisheva
Football,16-Feb 12:00,Macedonia 1. MFL,FK Makedonija Gjorve Petrov v KF Shkupi
Football,16-Feb 12:00,Serbia Prva Liga,Borac Cacak v Jedinstvo Ub
Football,16-Feb 12:00,Portugal Liga Revelacao U23,Santa Clara U23 v Leixoes SC U23
Football,16-Feb 12:00,Bulgaria Division 2,PFC Ludogorets Razgrad II v Sportist Svoge
Football,16-Feb 12:00,Bulgaria Division 2,PFC Vihren Sandanski v CSKA Sofia II
Football,16-Feb 12:15,Lebanon Premier League,Al-Hikma v Al Sahel (LEB)
Football,16-Feb 13:00,Cameroon Ligue 1,Stade Renard v Coton Sport
Football,16-Feb 13:00,Ligue Professionnelle 2,Sporting Ben Arous v Es Hammam-Sousse
Football,16-Feb 13:00,Azerbaijan Premier League,FK Qabala v Sabah Futbol Klubu
Football,16-Feb 13:00,Lithuania Super Cup,FK Kauno Zalgiris v FK Panevezys
Football,16-Feb 13:00,Bulgaria Division 1,FC Septemvri (Sofia) v Montana
Football,16-Feb 13:00,Macedonia 1. MFL,Arsimi v Brera Strumica
Football,16-Feb 13:00,Ligue Professionnelle 2,Sfax Railways Sports v SA Menzel Bourguiba
Football,16-Feb 13:00,Ligue Professionnelle 2,CS M'saken v OC Kerkennah
Football,16-Feb 13:20,UAE Division 1,Al Dahra v Dubba Al Husun
Football,16-Feb 13:20,UAE Division 1,Masfut v Al Ittifaq FC
Football,16-Feb 13:25,UAE Division 1,Gulf United FC v Al Hamriyah
Football,16-Feb 13:25,UAE Division 1,Dubai United v Al Thaid
Football,16-Feb 13:25,Oman Elite League,Bahla v Saham Club
Football,16-Feb 13:25,UAE Division 1,Al Arabi (UAE) v Al-Urooba
Football,16-Feb 13:25,UAE Division 1,Gulf United FC v Al Hamriyah
Football,16-Feb 13:45,Qatar U19 League,Al Gharafa U19 v Al Mesaimeer U19
Football,16-Feb 13:45,Qatar U19 League,Al Khor U19 v Al Wakrah SC U19
Football,16-Feb 14:00,India Super League,Mumbai City FC v Chennaiyin FC
Football,16-Feb 14:00,India Super League,East Bengal v NorthEast United FC
Football,16-Feb 14:00,Campionato Primavera 1,Sassuolo U20 v Atalanta U20
Football,16-Feb 14:15,Denmark U19 League,Vejle U19 v OB Odense U19
Football,16-Feb 14:15,Denmark U19 League,Vejle U19 v OB Odense U19
Football,16-Feb 15:00,Cameroon Ligue 1,Canon Yaounde v Unisport FC de Bafang
Football,16-Feb 15:00,Portugal Liga Revelacao U23,GD Estoril Praia U23 v Farense U23
Football,16-Feb 15:00,Ghana Division One,King Faisal Babies v Rospak FC
Football,16-Feb 15:00,Ghana Division One,Police National FC v UCC Youngsters
Football,16-Feb 15:00,Egypt Premier League,Al Ittihad (EGY) v Smouha Sporting Club
Football,16-Feb 15:00,Romania Liga I,Hermannstadt v CFR Cluj
Football,16-Feb 15:00,Egypt Premier League,Modern Sport Club v Kahrabaa Ismailia
Football,16-Feb 15:30,Bulgaria Division 1,Botev Vratsa v PFC Dobrudja 1919
Football,16-Feb 15:50,Oman Elite League,Sohar v Al-Rustaq
Football,16-Feb 15:55,Qatar U19 League,Al Duhail SC U19 v Al Sadd U19
Football,16-Feb 15:55,Qatar U19 League,Al Rayyan U19 v Umm Salal SC U19
Football,16-Feb 15:55,Qatar U19 League,Al Ahli SC (Doha) U19 v Al Arabi SC (Qatar) U19
Football,16-Feb 16:00,Mauritania Premier League,Asc Gendrim v ASC Snim
Football,16-Feb 16:00,Serbia Super Liga,FK Imt v Javor
Football,16-Feb 16:00,AFC Champions League Elite,Sharjah FC v Nasaf
Football,16-Feb 16:00,AFC Champions League Elite,Al Ahli Jeddah (KSA) v Shabab Al-Ahli Dubai FC
Football,16-Feb 16:00,Greece Super League,Atromitos v Panserraikos
Football,16-Feb 16:00,England Premier League 2,Everton U21 v Burnley U21
Football,16-Feb 16:30,Slovenia Prva Liga,NK Bravo v Aluminij
Football,16-Feb 17:00,Germany Women's Division 1,Werder Bremen Women v Bayern Munich Women
Football,16-Feb 17:00,Bosnia and Herzegovina Premier League,Zeljeznicar v Rudar Prijedor
Football,16-Feb 17:00,Israel Liga Leumit,Hapoel Kfar Saba v Maccabi Herzliya
Football,16-Feb 17:00,Turkey Super Lig,Kasimpasa SK v Karagumruk
Football,16-Feb 17:00,Israel Liga Leumit,Maccabi Kabilio Jaffa v Bnei Yehuda Tel Aviv
Football,16-Feb 17:00,Israel Liga Leumit,Hapoel Akko v Hapoel Afula
Football,16-Feb 18:00,Romania Liga I,Dinamo Bucharest v Unirea Slobozia
Football,16-Feb 18:00,Poland 1 Liga,GKS Tychy v Odra Opole
Football,16-Feb 18:00,Portugal Division 2,Penafiel v Lourosa
Football,16-Feb 18:00,Denmark Superleague,SonderjyskE v Silkeborg IF
Football,16-Feb 18:00,Poland Ekstraklasa,Termalica Nieciecza v Gornik Zabrze
Football,16-Feb 18:00,Poland Ekstraklasa,Termalica Nieciecza v Gornik Zabrze
Football,16-Feb 18:00,Egypt Premier League,ENPPI v National Bank of Egypt SC
Football,16-Feb 18:15,AFC Champions League Elite,Al-Hilal (KSA) v Al Wahda (UAE)
Football,16-Feb 18:15,AFC Champions League Elite,Al Shorta (Iraq) v Al Duhail SC (QAT)
Football,16-Feb 18:30,Spain Tercera Division,FC Jove Espanol v UD Castellonense
Football,16-Feb 18:30,Israel Premier League,Beitar Jerusalem v Maccabi Tel Aviv
Football,16-Feb 19:00,Iceland League Cup Women,Stjarnan Women v FH Hafnarfjordur Women
Football,16-Feb 19:00,Netherlands Eerste Divisie,Jong Ajax v Cambuur Leeuwaarden
Football,16-Feb 19:00,England Premier League 2,Sunderland U21 v Reading U21
Football,16-Feb 19:00,England Premier League 2,Wolverhampton Wanderers FC U21 v Brighton U21
Football,16-Feb 19:00,England Premier League 2,Middlesbrough U21 v Nottm Forest U21
Football,16-Feb 19:00,Brazil Gaucho 1 Division,Guarany de Bage v Inter Santa Maria
Football,16-Feb 19:00,England Women's Championship,Birmingham City W.F.C v Crystal Palace Women
Football,16-Feb 19:00,Netherlands Eerste Divisie,Jong FC Utrecht v Willem II
Football,16-Feb 19:30,Spain Segunda Division,Real Sociedad II v Malaga
Football,16-Feb 19:30,England FA Cup,Macclesfield FC v Brentford
Football,16-Feb 19:30,Italy Lega Pro Prima Divisione Girone A,AC Ospitaletto v Inter U23
Football,16-Feb 19:30,Italy Lega Pro Prima Divisione Girone B,Pineto v Ternana
Football,16-Feb 19:30,Italy Lega Pro Prima Divisione Girone A,Cittadella v Renate
Football,16-Feb 19:30,Italy Lega Pro Prima Divisione Girone A,US Pergolettese 1932 v Union Brescia
Football,16-Feb 19:30,Italy Lega Pro Prima Divisione Girone B,Vis Pesaro v Nuovo Campobasso Calcio
Football,16-Feb 19:45,France Ligue 2,Bastia v Troyes AC
Football,16-Feb 19:45,Italy Serie A,Cagliari v Lecce
Football,16-Feb 19:45,England National League South,Chelmsford City v Maidstone United
Football,16-Feb 19:45,England Isthmian League Premier Division,Aveley v Chichester
Football,16-Feb 19:45,England Isthmian League Cup,Redbridge v Crowborough Athletic
Football,16-Feb 19:45,England Southern League Division One South,Swindon Supermarine v Brixham AFC
Football,16-Feb 20:00,Argentina Reserve League,Aldosivi Reserves v Gimnasia La Plata Reserves
Football,16-Feb 20:00,Spain Primera Division,Girona v Barcelona
Football,16-Feb 20:00,Argentina Reserve League,Argentinos Juniors Reserves v Union Santa Fe Reserves
Football,16-Feb 20:00,Colombia Primera B,Tigres FC v Independiente Yumbo
Football,16-Feb 20:00,Colombia Primera B,Tigres FC v Independiente Yumbo
Football,16-Feb 20:00,Argentina Reserve League,Aldosivi Reserves v Gimnasia La Plata Reserves
Football,16-Feb 20:00,Argentina Reserve League,Tigre Reserves v Banfield Reserves
Football,16-Feb 20:00,Argentina Reserve League,Argentinos Juniors Reserves v Union Santa Fe Reserves
Football,16-Feb 20:00,Colombia Primera Division Femenina,Millonarios Women v Orsomarso Women
Football,16-Feb 20:00,Argentina Primera B,Gimnasia Jujuy v FC Midland
Football,16-Feb 20:00,Brazil Carioca 1 Division,Nova Iguacu v Marica
Football,16-Feb 20:00,Argentina Primera B,CA Atlanta v Quilmes AC
Football,16-Feb 20:00,Argentina Primera B Metropolitana,Club Comunicaciones de Buenos Aires v Argentino de Merlo
Football,16-Feb 20:15,Portugal Primeira Liga,Rio Ave FC v Moreirense FC
Football,16-Feb 21:00,Colombia Primera Division Femenina,Internacional Palmira Women v La Equidad Women
Football,16-Feb 21:00,CONMEBOL South American Women's U20 Championship,Paraguay Women U20 v Brazil Women U20
Football,16-Feb 21:00,Brazil Carioca 1 Division,Fluminense RJ v Bangu
Football,16-Feb 22:00,Brasileiro Feminino A1,Santos FC Women v Gremio Foot-Ball Porto Alegrense Women
Football,16-Feb 22:00,Uruguay Primera Division,Albion (Uru) v Cerro
Football,16-Feb 22:00,Argentina Primera Division,CD Riestra v Newells Old Boys
Football,16-Feb 22:00,Brazil Gaucho 1 Division,Sao Luiz v Caxias RS
Football,16-Feb 22:30,Brazil Goiano 1,Vila Nova FC Goiania v Anapolis FC
Football,16-Feb 23:00,Brazil Carioca 1 Division,Sampaio Correa Futebol e Esporte v AA Portuguesa RJ
Football,16-Feb 23:00,CONMEBOL South American Women's U20 Championship,Argentina U20 Women v Venezuela Women U20
Football,16-Feb 23:00,Mexico Liga MX Femenil,Leon Women v Puebla Women
Football,16-Feb 23:30,Brasileiro Feminino A1,SC Internacional Porto Alegre Women v Sao Paulo Futebol Clube Women
Football,17-Feb 00:00,Mexico Liga MX Femenil,Toluca Women v CF Pachuca Women
Football,17-Feb 00:30,Uruguay Primera Division,CA Torque v Juventud de Las Piedras
Football,17-Feb 00:30,Colombia Primera B,Deportes Quindio v Barranquilla
Football,17-Feb 00:30,Jamaica Premier League,Arnett Gardens FC v Portmore United FC
Football,17-Feb 01:00,CONMEBOL South American Women's U20 Championship,Colombia U20 Women v Ecuador U20 Women
Football,17-Feb 01:00,Mexico Liga MX Femenil,CD Guadalajara Women v FC Atlas Women
Football,17-Feb 01:00,Mexico Liga MX Femenil,Atletico San Luis Women v Queretaro Women
Football,17-Feb 03:10,Mexico Liga MX Femenil,Mazatlan Women v CF Tigres de la UANL Women
Football,17-Feb 08:00,Australia A-League,Sydney FC v Auckland FC
Football,17-Feb 08:00,Australia A-League,Sydney FC v Auckland FC
Football,17-Feb 10:00,AFC Champions League Elite,Machida Zelvia v Chengdu Better City FC
Football,17-Feb 10:00,AFC Champions League Elite,FC Seoul v Hiroshima Sanfrecce FC
Football,17-Feb 10:30,Australia Women's NPL Queensland,Queensland Lions FC Women v FQ QAS Women
Football,17-Feb 11:00,Thailand T2,Chanthaburi v Chiangmai Utd
Football,17-Feb 11:30,Turkey 1. Lig,Hatayspor v Igdir Belediyespor
Football,17-Feb 12:00,Thailand T2,Bangkok FC v Prae United
Football,17-Feb 12:15,Lebanon Premier League,Al Ansar Beirut v Al Riyadi Abbasiyah
Football,17-Feb 12:15,AFC Champions League Elite,Buriram United v Shanghai Shenhua
Football,17-Feb 12:15,AFC Champions League Elite,Johor Darul Takzim v Vissel Kobe
Football,17-Feb 13:00,Algeria Ligue 2,MSP Batna v JS Bordj Menail
Football,17-Feb 13:00,England U21 Professional Development League,Fleetwood Town U21 v Crewe Alexandra U21
Football,17-Feb 13:00,Algeria Ligue 2,WA Mostaganem v Bechar Djedid
Football,17-Feb 13:00,Algeria Ligue 2,RC Kouba v Adrar
Football,17-Feb 13:00,Macedonia 1. MFL,KF Bashkimi v Pelister
Football,17-Feb 13:00,Uganda Premier League,Gaddafi FC v Mbarara City FC
Football,17-Feb 13:00,England U21 Professional Development League,Huddersfield U21 v Barnsley U21
Football,17-Feb 13:00,Algeria Ligue 2,MO Constantine v JS Jijel
Football,17-Feb 13:00,Algeria Ligue 2,AsM Oran v NA Hussein-Dey
Football,17-Feb 13:00,England U21 Professional Development League,Hull City U21 v Sheffield Wednesday U21
Football,17-Feb 13:00,England U21 Professional Development League,Millwall U21 v Bristol City U21
Football,17-Feb 13:30,England U21 Professional Development League,QPR U21 v Cardiff U21
Football,17-Feb 13:50,Kuwait Premier League,Al Tadhamon v Kazma SC
Football,17-Feb 14:00,England U21 Professional Development League,Sheffield United U21 v Wigan Athletic U21
Football,17-Feb 14:00,Turkey 1. Lig,Umraniyespor v Boluspor
Football,17-Feb 14:00,Club Friendly,KFUM Oslo v Fredrikstad FK
Football,17-Feb 15:00,Portuguese U19 League,Uniao Leiria U19 v Sporting Clube de Portugal U19
Football,17-Feb 15:00,Egypt Cup,Zamalek v Ceramica Cleopatra
Football,17-Feb 15:30,Bulgaria Division 2,Etar Veliko Tarnovo v Fratria
Football,17-Feb 15:30,GCC Champions League,Al Rayyan SC (QAT) v AL-Nahda (OMA)
Football,17-Feb 16:00,Rwanda Premier League,Al Hilal (Sudan) v APR FC Kigali
Football,17-Feb 16:00,Rwanda Premier League,Al Hilal (Sudan) v APR FC Kigali
Football,17-Feb 16:00,Portugal Liga Revelacao U23,SL Benfica Lisbon U23 v Sporting Clube de Portugal U23
Football,17-Feb 16:00,Spain Copa Catalunya,Barcelona B v FC Andorra
Football,17-Feb 16:00,AFC Champions League Elite,Al Sadd (QAT) v Al Ittihad (KSA)
Football,17-Feb 16:00,Mexico Liga TDP,Centro de Formacion Cuauhtemoc Blanco v Club Promodep Central AC
Football,17-Feb 16:00,AFC Champions League Two,Al Wasl Sports Club (UAE) v Al Zawraa (IRQ)
Football,17-Feb 16:00,Portuguese U19 League,Sporting Clube de Portugal U19 v Uniao Leiria U19
Football,17-Feb 16:00,Bahrain Second Division,Bouri Club v Al Hala
Football,17-Feb 16:00,Bahrain Second Division,Al Ittihad (BHR) v Al-Ittifaq (BRN)
Football,17-Feb 16:00,Bahrain Second Division,Isa Town v Busaiteen
Football,17-Feb 16:00,AFC Champions League Elite,Al Gharafa v Tractor Sazi
Football,17-Feb 16:30,Rwanda Premier League,Al Hilal (Sudan) v Al Merreikh
Football,17-Feb 16:30,Club Friendly,TJ Unie Hlubina v FC Valasske Mezirici
Football,17-Feb 17:00,Uganda Premier League,Vipers v NEC FC
Football,17-Feb 17:00,Germany Regionalliga Nordost,Meuselwitz v BFC Preussen
Football,17-Feb 17:00,Club Friendly,Lillestrom SK v Haugesund
Football,17-Feb 17:00,Turkey 1. Lig,Istanbulspor Region v Esenler Erokspor
Football,17-Feb 17:30,GCC Champions League,Al Shabab Riyadh v Tadamun Hadramot
Football,17-Feb 17:30,Club Friendly,Glostrup FK v Horsholm-Usserod
Football,17-Feb 17:30,Malta Premier League,Zabbar St Patrick v Valletta
Football,17-Feb 17:45,Club Friendly,VSK Aarhus v IF Lyseng
Football,17-Feb 17:45,UEFA Champions League,Galatasaray v Juventus
Football,17-Feb 18:15,AFC Champions League Two,Al Hussein SC v Esteghlal
Football,17-Feb 18:30,France National,St Brieuc Stade v FC Fleury 91
Football,17-Feb 19:00,Iceland League Cup,Stjarnan v Aegir
Football,17-Feb 19:00,England Premier League Cup,Ipswich U21 v Blackburn U21
Football,17-Feb 19:00,Netherlands Derde Divisie,Rohda Raalte v SV Urk
Football,17-Feb 19:00,England U21 Professional Development League,Brentford U21 v Charlton Athletic U21
Football,17-Feb 19:00,England U21 Professional Development League,Swansea City U21 v Bournemouth U21
Football,17-Feb 19:00,Malta Premier League,Naxxar Lions v Gzira United
Football,17-Feb 19:30,Argentina Primera B Metropolitana,CA Ituzaingo v Brown de Adrogue
Football,17-Feb 19:30,England National League Cup,Boreham Wood v Truro City
Football,17-Feb 19:30,Argentina Primera B Metropolitana,CSD Flandria v CA Talleres Remedios de Escalada
Football,17-Feb 19:30,Argentina Primera B Metropolitana,CASyD Camioneros Buenos Aires v Real Pilar FC
Football,17-Feb 19:30,Argentina Primera B Metropolitana,Argentino de Quilmes v Argentino de Merlo
Football,17-Feb 19:30,Argentina Primera B Metropolitana,CD Armenio v Deportivo Laferrere
Football,17-Feb 19:30,Argentina Primera B Metropolitana,CS Dock Sud v Club Villa Dalmine
Football,17-Feb 19:30,Argentina Primera B Metropolitana,CA Ituzaingo v Brown de Adrogue
Football,17-Feb 19:30,Argentina Primera B Metropolitana,San Martin de Burzaco v Villa San Carlos
Football,17-Feb 19:30,Argentina Primera B Metropolitana,Club Atletico Defensores Unidos v Arsenal de Sarandi
Football,17-Feb 19:30,England National League Cup,Tamworth v West Ham United U21
Football,17-Feb 19:30,Argentina Primera B Metropolitana,Sportivo Italiano v CSD Liniers
Football,17-Feb 19:30,England Isthmian League Division One South East,East Grinstead Town FC v Erith Town
Football,17-Feb 19:30,Argentina Primera B Metropolitana,Deportivo Merlo v CD UAI Urquiza
Football,17-Feb 19:30,Autonomicas - Mallorca,Campos AA v UE Alcudia II
Football,17-Feb 19:30,Argentina Primera B Metropolitana,Club Comunicaciones de Buenos Aires v Excursionistas
Football,17-Feb 19:45,England National League North,Alfreton Town v Macclesfield FC
Football,17-Feb 19:45,Scotland Challenge Cup,St Johnstone v Ayr United
Football,17-Feb 19:45,FA Women's National League Division One Midlands,Sutton Coldfield Town Women v Boldmere St. Michaels Women
Football,17-Feb 19:45,Scotland League Two,Spartans FC v Forfar Athletic
Football,17-Feb 19:45,England Northern Premier League Division One Midlands,Long Eaton v Rugby
Football,17-Feb 19:45,Scotland League One,Cove Rangers v Montrose
Football,17-Feb 19:45,England Isthmian League Division One South Central,Harrow Borough v South Park
Football,17-Feb 19:45,England League Two,Oldham Athletic v Bristol Rovers
Football,17-Feb 19:45,England Northern Premier League Division One East,Garforth Town AFC v Bridlington
Football,17-Feb 19:45,England League Two,Crewe Alexandra v Fleetwood Town
Football,17-Feb 19:45,England League One,Bradford City v Stockport County
Football,17-Feb 19:45,England League Two,Cambridge United v Colchester United
Football,17-Feb 19:45,England League One,Exeter City v Wycombe Wanderers
Football,17-Feb 19:45,England League Two,Bromley v Cheltenham Town
Football,17-Feb 19:45,England League One,Burton Albion v Rotherham
Football,17-Feb 19:45,England League Two,Barrow v Harrogate Town
Football,17-Feb 19:45,England League Two,Barrow v Harrogate Town
Football,17-Feb 19:45,England League One,Doncaster v Huddersfield Town
Football,17-Feb 19:45,England League Two,Barnet v Swindon Town
Football,17-Feb 19:45,England League One,Stevenage v Port Vale
Football,17-Feb 19:45,England League One,Leyton Orient v Plymouth Argyle
Football,17-Feb 19:45,England League One,Lincoln City v Northampton Town
Football,17-Feb 19:45,England League One,Cardiff City v AFC Wimbledon
Football,17-Feb 19:45,England League Two,MK Dons v Crawley Town
Football,17-Feb 19:45,England League One,Barnsley v Peterborough United
Football,17-Feb 19:45,England League Two,Chesterfield v Gillingham
Football,17-Feb 19:45,England National League North,Telford v Chorley
Football,17-Feb 19:45,England League Two,Shrewsbury Town v Notts County
Football,17-Feb 19:45,England Isthmian League Division One North,Lowestoft Town v Mildenhall Town
Football,17-Feb 19:45,England League Two,Salford City v Newport County
Football,17-Feb 19:45,England Isthmian League Division One North,Concord Rangers v Brightlingsea Regent FC
Football,17-Feb 19:45,England League Two,Tranmere Rovers v Accrington Stanley
Football,17-Feb 19:45,England FA Women's National League - Division One South East,Norwich City FC Women v AFC Sudbury Women
Football,17-Feb 19:45,Scotland League Two,Elgin City v East Kilbride
Football,17-Feb 19:45,England Championship,Bristol City v Wrexham
Football,17-Feb 19:45,Scotland Championship,Greenock Morton v Dunfermline Athletic
Football,17-Feb 19:45,England National League South,Chesham United v Eastbourne Borough FC
Football,17-Feb 19:45,England Championship,Charlton Athletic v Portsmouth
Football,17-Feb 19:45,England National League North,Hereford FC v Darlington
Football,17-Feb 19:45,England National League,Yeovil Town v Aldershot Town
Football,17-Feb 19:45,England National League North,Southport v Buxton FC
Football,17-Feb 19:45,England National League South,AFC Totton v Hampton & Richmond
Football,17-Feb 19:45,England National League South,Dorking Wanderers v Hornchurch
Football,17-Feb 19:45,England National League South,Salisbury FC v Chippenham
Football,17-Feb 19:45,England National League North,Leamington FC v Spennymoor Town
Football,17-Feb 19:45,England Northern Premier League,Whitby v Gainsborough
Football,17-Feb 19:45,England National League South,Bath City v Ebbsfleet United
Football,17-Feb 19:45,England National League South,Bath City v Ebbsfleet United
Football,17-Feb 19:45,England Southern Premier Central,Bishops Stortford v Real Bedford
Football,17-Feb 19:45,Scotland League Two,Stirling Albion v Clyde
Football,17-Feb 19:45,England Southern Premier Central,Stamford v St Ives Town
Football,17-Feb 19:45,Northern Ireland Premiership,Dungannon Swifts v Linfield
Football,17-Feb 19:45,England National League,Wealdstone v Hartlepool United
Football,17-Feb 19:45,Northern Ireland Premiership,Portadown v Cliftonville
Football,17-Feb 19:45,Scotland FA Cup,Dundee United v Spartans FC
Football,17-Feb 19:45,England National League,Rochdale v Scunthorpe United
Football,17-Feb 19:45,Northern Ireland Cup,Glentoran v Drumaness Mills FC
Football,17-Feb 19:45,England National League,Halifax Town v Gateshead
Football,17-Feb 19:45,England National League South,Enfield Town v Horsham F.C.
Football,17-Feb 19:45,England National League,Sutton United v Woking
Football,17-Feb 19:45,Northern Ireland Premiership,Ballymena v Crusaders
Football,17-Feb 19:45,England Isthmian League Premier Division,Cheshunt v St Albans
Football,17-Feb 19:45,England Isthmian League Premier Division,Wingate & Finchley v Potters Bar Town
Football,17-Feb 19:45,England Southern Premier South,Hanwell Town v Farnham Town
Football,17-Feb 19:45,England Southern Premier South,Plymouth Parkway v Walton & Hersham
Football,17-Feb 19:45,England Southern Premier Central,Bromsgrove Sporting v Alvechurch FC
Football,17-Feb 19:45,Lowland League Cup,Linlithgow Rose v Clydebank FC
Football,17-Feb 19:45,England National League South,Enfield Town v Horsham FC
Football,17-Feb 19:45,England Northern Premier League Division One East,Blyth Town v Ashington
Football,17-Feb 19:45,England Northern Premier League Division One West,Clitheroe v Nantwich Town FC
Football,17-Feb 19:45,England Northern Premier League Division One Midlands,Anstey Nomads v Bourne Town
Football,17-Feb 19:45,England Isthmian League Division One South Central,Westfield v Littlehampton Town
Football,17-Feb 19:45,England Isthmian League Cup,Ramsgate v Hashtag United
Football,17-Feb 20:00,Northern Ireland Championship,Annagh United v Institute
Football,17-Feb 20:00,England League One,Reading v Bolton Wanderers
Football,17-Feb 20:00,Argentina Reserve League,Velez Reserves v Barracas Central Reserves
Football,17-Feb 20:00,England League One,Blackpool v Mansfield Town
Football,17-Feb 20:00,Argentina Reserve League,Deportivo Riestra Reserves v Ferro Carril Oeste Reserves
Football,17-Feb 20:00,Argentina Reserve League,Deportivo Riestra Reserves v Ferro Carril Oeste Reserves
Football,17-Feb 20:00,Argentina Reserve League,Racing Club Reserves v Godoy Cruz Reserves
Football,17-Feb 20:00,Scotland League One,Hamilton Academical v East Fife
Football,17-Feb 20:00,Colombia Primera Division Femenina,Real Santander Women v Bucaramanga Women
Football,17-Feb 20:00,Argentina Cup,Aldosivi Mar del Plata v CA San Miguel
Football,17-Feb 20:00,Mexico Liga TDP,Chivas Alamos FC v Club Atletico San Juan de Aragon II
Football,17-Feb 20:00,England League One,Blackpool v Mansfield Town
Football,17-Feb 20:00,England League One,Reading v Bolton Wanderers
Football,17-Feb 20:00,UEFA Champions League,AS Monaco v Paris Saint Germain
Football,17-Feb 20:00,UEFA Champions League,Borussia Dortmund v Atalanta BC
Football,17-Feb 20:00,UEFA Champions League,Benfica v Real Madrid
Football,17-Feb 20:00,Malta Premier League,Birkirkara v Sliema Wanderers
Football,17-Feb 21:00,Guatemala Liga Nacional,Deportivo Achuapa v Deportivo Guastatoya
Football,17-Feb 21:00,Colombia Primera A,Alianza FC de Valledupar v Cucuta Deportivo
Football,17-Feb 22:00,South America Copa Libertadores,Carabobo Valencia v Huachipato
Football,17-Feb 22:10,Argentina Reserve League,Independiente Rivadavia Reserves v Boca Juniors Reserves
Football,17-Feb 22:45,Argentina Cup,CA Tigre BA v CA Claypole
Football,17-Feb 23:00,Brazil Cup,Sampaio Correa Futebol e Esporte v Desportiva ES
Football,17-Feb 23:00,Colombia Primera A,Jaguares de Cordoba v Santa Fe
Football,18-Feb 00:05,Argentina Reserve League,Central Cordoba Reserves v Atletico Rafaela Reserves
Football,18-Feb 00:30,South America Copa Libertadores,2 de Mayo v Sporting Cristal
Football,18-Feb 00:30,South America Copa Libertadores,Liverpool Montevideo v Independiente Medellin
Football,18-Feb 01:00,CONCACAF Champions Cup,Atletico Ottawa v Nashville SC
Football,18-Feb 01:00,Argentina Cup,CA River Plate (ARG) v Club Ciudad de Bolivar
Football,18-Feb 01:10,Colombia Primera B,Boca Juniors de Cali v Orsomarso
Football,18-Feb 03:00,CONCACAF Champions Cup,Real Espana v Los Angeles FC
Football,18-Feb 07:00,Hong Kong Senior Shield,Tai Po v Hong Kong Rangers
Football,18-Feb 09:00,Japan WE League Women,NTV Beleza Women v Omiya Women
Football,18-Feb 09:30,Australia Women's NPL Queensland,Brisbane City Women v Gold Coast Utd Women
Football,18-Feb 10:00,COSAFA Women Cup,Lesotho Women v Angola Women
Football,18-Feb 10:00,Turkey Division 2 Kirmizi,Kahramanmaras Istiklal Spor v 1461 Trabzon FK
Football,18-Feb 10:00,Turkey Division 2 Kirmizi,Kahramanmaras Istiklal Spor v 1461 Trabzon FK
Football,18-Feb 10:00,Kosovo U21 Superliga,KF Drenica U21 v Gjilani U21
Football,18-Feb 10:00,Club Friendly,Concordia Chiajna v AFC Progresul Spartac Bucuresti
Football,18-Feb 10:00,AFC Champions League Elite,Melbourne City v Gangwon FC
Football,18-Feb 10:00,AFC Champions League Elite,Shanghai Port v Ulsan Hyundai FC
Football,18-Feb 10:30,Australia Women's NPL Queensland,Souths Utd Women v Eastern Suburbs Women
Football,18-Feb 10:30,Club Friendly,Dnepr Mogilev v FC Slutsksakhar
Football,18-Feb 11:00,Finland Liigacup,Ilves v SJK Seinajoki
Football,18-Feb 11:00,Moldova Cupa de Iarna,FC Sheriff Tiraspol II v Politehnica UTM
Football,18-Feb 11:00,Thailand T2,Pattaya United v Nakhon Pathom FC
Football,18-Feb 11:00,Moldova Cupa de Iarna,Gagauziya-Oguzsport v Olimp Comrat
Football,18-Feb 11:00,Moldova Cupa de Iarna,FC Real Sireti v Dacia-2 Buiucani
Football,18-Feb 11:00,Moldova Cupa de Iarna,FC Zimbru Chisinau II v FC Stauceni
Football,18-Feb 11:30,Turkey 1. Lig,Keciorengucu v Erzurum BB Spor
Football,18-Feb 11:30,Turkey 1. Lig,Serik Belediyespor v Corum Belediyespor
Football,18-Feb 11:30,Thailand T2,Sisaket FC v Nongbua Pitchaya FC
Football,18-Feb 11:30,Thailand T2,Songkhla v Khonkaen United
Football,18-Feb 12:00,Thailand T2,Pattani v Rasisalai Utd
Football,18-Feb 12:00,Thailand T2,Police Tero FC v Trat FC
Football,18-Feb 12:15,AFC Champions League Two,Tampines Rovers v Cong Anh Nhan Dan
Football,18-Feb 12:15,AFC Champions League Two,Persib Bandung v Ratchaburi
Football,18-Feb 12:30,Cameroon Ligue 2,Fonca Street FC v Les Astres FC de Douala
Football,18-Feb 13:00,COSAFA Women Cup,South Africa Women v Malawi Women
Football,18-Feb 13:00,Poland Cup Women,KKS Lech Poznan III Women v KKPK Medyk Konin Women
Football,18-Feb 13:00,Kosovo U21 Superliga,KF Prishtina e Re U21 v Prishtina U21
Football,18-Feb 13:00,Rwanda Premier League,Rutsiro FC v Al Hilal (Sudan)
Football,18-Feb 13:00,England U21 Professional Development League,Peterborough FC U21 v Coventry U21
Football,18-Feb 13:00,Club Friendly Women,AGF Women v KuPS Women
Football,18-Feb 14:00,Azerbaijan League 1,Cebrayil v Baku Sporting
Football,18-Feb 14:00,Club Friendly,Dinamo Minsk v FC Naftan Novopolotsk
Football,18-Feb 14:00,Azerbaijan League 1,Sefa v FK Energetik Mingechevir
Football,18-Feb 14:00,Azerbaijan League 1,Sefa v FK Energetik Mingechevir
Football,18-Feb 14:00,Azerbaijan League 1,MOIK Baku v Sabail FC
Football,18-Feb 14:00,Azerbaijan League 1,FK Zaqatala v Difai Agsu
Football,18-Feb 14:00,Azerbaijan League 1,Shimal v FC Sahdag Qusar
Football,18-Feb 14:00,Finland Ykkoscup,FC Haka v EIF Ekenas
Football,18-Feb 14:00,Kosovo U21 Superliga,Ferizaj U21 v Malisheva U21
Football,18-Feb 14:00,Turkey 1. Lig,Belediye Vanspor v Bodrum Belediyesi Bodrumspor
Football,18-Feb 14:00,Poland Cup Women,Czarni Sosnowiec II Women v MKS Olimpia Szczecin Women
Football,18-Feb 14:30,Slovakia Cup,MFK Tatran Liptovsky Mikulas v KFC Komarno
Football,18-Feb 14:30,Cameroon Ligue 2,Bafmeng United v Union Sportive d'Abong Mbang
Football,18-Feb 15:00,NPFL,Kwara United v Rivers United
Football,18-Feb 15:00,Switzerland 1. Liga Promotion,Basel II v Lucerne II
Football,18-Feb 15:30,GCC Champions League,Zakho v Sitra Cultural & Sports Club
Football,18-Feb 15:30,GCC Champions League,Al Ain (UAE) v Al Qadsia (KUW)
Football,18-Feb 15:30,Finland Liigacup,KuPS v Ilves
Football,18-Feb 15:30,South Africa Premier League,Siwelele v Kaizer Chiefs
Football,18-Feb 15:45,Mexico Liga TDP,Club Aztecas AMF Soccer v Club Union
Football,18-Feb 16:00,Mali Premiere Division,Binga Fc v Djoliba AC
Football,18-Feb 16:30,Coppa Italia Serie D,Pistoiese v US Ancona 1905
Football,18-Feb 17:00,UEFA Women's Europa Cup,FC Nordsjaelland Women v 1. FFC Frankfurt Women
Football,18-Feb 17:00,Club Friendly,Naestved v Bronshoj
Football,18-Feb 17:00,Israel Liga Bet,Arad v Ironi Beth SHemesh
Football,18-Feb 17:00,Club Friendly,Neratovice v Komarov
Football,18-Feb 17:00,Club Friendly,Asane v Lysekloster
Football,18-Feb 17:00,Turkey 1. Lig,Manisa BBSK v Bandirmaspor
Football,18-Feb 17:00,Slovakia Cup,Spartak Trnava v Slovan Bratislava
Football,18-Feb 17:30,Malta Premier League,Hibernians Paola v Hamrun Spartans
Football,18-Feb 17:30,Malta Premier League,Floriana v Marsaxlokk FC
Football,18-Feb 17:30,South Africa Premier League,Stellenbosch v Magesi FC
Football,18-Feb 17:30,South Africa Premier League,Orlando Pirates (SA) v Mamelodi Sundowns
Football,18-Feb 17:45,UEFA Champions League,FK Qarabag v Newcastle United
Football,18-Feb 17:45,UEFA Champions League,FK Qarabag v Newcastle United
Football,18-Feb 17:45,UEFA Women's Champions League,Real Madrid Women v Paris FC Women
Football,18-Feb 18:00,UEFA Women's Europa Cup,Hammarby Women v Sporting CP Women
Football,18-Feb 18:00,UEFA Women's Europa Cup,Breidablik Women v BK Häcken Women
Football,18-Feb 18:00,Brazil Paulista A2,Atletico Monte Azul v Osasco Sporting
Football,18-Feb 18:00,Iceland League Cup,Thor Akureyri v Volsungur
Football,18-Feb 18:00,Belgium Super League (women),RSC Anderlecht Women v SV Zulte Waregem Women
Football,18-Feb 18:00,Iceland League Cup,HK Kopavogur v IF Vestri
Football,18-Feb 18:00,Spain Copa Catalunya,CE Sabadell FC v Gimnastic
Football,18-Feb 18:00,Brazil Paraibano 1 Division,Confianca EC Sape v Pombal Esporte Clube
Football,18-Feb 18:00,Brazil Paraibano 1 Division,Confianca EC Sape v Pombal PB
Football,18-Feb 18:00,Morocco Botola Pro,Renaissance Zmamra v RSB Berkane
Football,18-Feb 18:00,Switzerland Super League,Winterthur v St Gallen
Football,18-Feb 18:15,AFC Champions League Two,Al Ahli SC (Doha) v Sepahan
Football,18-Feb 18:15,AFC Champions League Two,Al Nasr (KSA) v Arkadag
Football,18-Feb 18:30,Belgium Super League (women),Standard de Liege Women v KRC Genk Women
Football,18-Feb 18:30,UEFA Women's Europa Cup,FK Austria Wien Women v AC Sparta Praha Women
Football,18-Feb 18:30,Qatar Olympic League,Al Sailiya SC U23 v Umm Salal SC U23
Football,18-Feb 18:30,Spain Tercera Division,Celtiga v CD Estradense
Football,18-Feb 18:30,Qatar Olympic League,Qatar SC U23 v Al Shahaniya U23
Football,18-Feb 19:00,Brazil Cup,Porto BA v Serra Branca
Football,18-Feb 19:00,Autonomicas - Andalucia - Group 2,Alhaurin de la Torre CF v PD Garrucha
Football,18-Feb 19:00,Autonomicas - Andalucia - Group 2,CD Santa Fe v Ejido
Football,18-Feb 19:00,Saudi Arabia King's Cup,Al-Kholood v Al Ittihad (KSA)
Football,18-Feb 19:00,Spain Primera Division,Levante UD v Villarreal CF
Football,18-Feb 19:15,Switzerland 1. Liga Classic,Coffrane v Naters
Football,18-Feb 19:30,Spain Tercera Division,Atletico Albericia v Colindres
Football,18-Feb 19:30,England FA Women's Premier League - Southern Division,Plymouth Argyle LFC Women v Exeter City Women
Football,18-Feb 19:30,Italy Lega Pro Prima Divisione Girone C,Catania v Trapani
Football,18-Feb 19:30,Brazil Cup,Maguary PE v Laguna RN
Football,18-Feb 19:45,FA Women's National League Division One Midlands,Sheffield FC Women v Barnsley Women
Football,18-Feb 19:45,FA Women's National League Division One Midlands,Sheffield FC Women v Barnsley Women
Football,18-Feb 19:45,FA Women's National League - Division One North,Blackburn Rovers L.F.C. v Chorley FC Women
Football,18-Feb 19:45,FA Women's National League - Division One North,Cheadle Town Stingers Women v Wythenshawe FC Women
Football,18-Feb 19:45,England FA Women's National League - Division One South East,Luton Town Lfc Women v Chesham United LFC Women
Football,18-Feb 19:45,England FA Women's Premier League - Southern Division,AFC Wimbledon Women v Lewes LFC Women
Football,18-Feb 19:45,England FA Women's Premier League - Northern Division,Stoke City LFC Women v Derby County LFC Women
Football,18-Feb 19:45,England FA Women's Premier League - Northern Division,Sporting Khalsa FC Women v Wolverhampton Wanderers WFC Women
Football,18-Feb 19:45,FA Women's National League - Division One North,Doncaster Rovers Belles LFC Women v Leeds United LFC Women
Football,18-Feb 19:45,England FA Women's Premier League - Northern Division,West Bromwich Albion F.C. Women v Rugby Borough FC Women
Football,18-Feb 19:45,FA Women's National League Division One South West,Swindon Town Women v Bristol Rovers Women
Football,18-Feb 19:45,England FA Women's National League - Division One South East,Cambridge United FC Women v Milton Keynes Dons WFC Women
Football,18-Feb 19:45,FA Women's National League - Division One North,York City Women v Norton & Stockton Ancients Women
Football,18-Feb 19:45,England FA Women's Premier League - Southern Division,Billericay Town FC Women v Hashtag United FC Women
Football,18-Feb 19:45,England Isthmian League Division One South Central,Southall v Ascot Utd
Football,18-Feb 19:45,England FA Women's Premier League - Southern Division,Real Bedford Women v Watford F.C. Ladies
Football,18-Feb 19:45,England Northern Premier League Division One Midlands,Corby Town v Wellingborough
Football,18-Feb 19:45,England League One,Wigan Athletic v Luton Town
Football,18-Feb 19:45,FA Women's National League Division One South West,Abingdon United Women v Maidenhead United FC Women
Football,18-Feb 19:45,Scotland FA Cup,Aberdeen v Motherwell
Football,18-Feb 19:45,England League Two,Grimsby Town v Walsall
Football,18-Feb 19:45,Italy Serie A,AC Milan v Como
Football,18-Feb 19:45,England National League South,Farnborough v Dagenham & Redbridge
Football,18-Feb 19:46,Scotland FA Cup,Aberdeen v Motherwell
Football,18-Feb 20:00,Argentina Reserve League,Estudiantes Reserves v Platense Reserves
Football,18-Feb 20:00,Aberdeenshire Shield,Aberdeen FC B v Fraserburgh
Football,18-Feb 20:00,Argentina Reserve League,San Martin de San Juan Reserves v Independiente Reserves
Football,18-Feb 20:00,Argentina Reserve League,Colon Reserves v Quilmes Reserves
Football,18-Feb 20:00,Argentina Reserve League,Lanus Reserves v Estudiantes de Rio Cuarto Reserves
Football,18-Feb 20:00,Brazil Cup,Bare RR v Madureira
Football,18-Feb 20:00,Argentina Reserve League,Sarmiento de Junin Reserves v Atletico Tucuman Reserves
Football,18-Feb 20:00,Malta Premier League,Mosta FC v Tarxien Rainbows
Football,18-Feb 20:00,Argentina Reserve League,Colon Reserves v Quilmes Reserves
Football,18-Feb 20:00,Argentina Reserve League,Belgrano Reserves v Huracan Reserves
Football,18-Feb 20:00,Aberdeenshire Shield,Aberdeen FC B v Fraserburgh
Football,18-Feb 20:00,UEFA Champions League,Bodo Glimt v FC Internazionale
Football,18-Feb 20:00,Brazil Cup,Bare RR v Madureira
Football,18-Feb 20:00,UEFA Champions League,Club Brugge v Atletico Madrid
Football,18-Feb 20:00,England Premier League,Wolverhampton Wanderers v Arsenal
Football,18-Feb 20:30,Jamaica Premier League,Harbour View v Mount Pleasant FC
Football,18-Feb 21:00,Guatemala Liga Nacional,Club Comunicaciones v Mictlan
Football,18-Feb 21:00,Guatemala Liga Nacional,CD Marquense v CSYD Mixco
Football,18-Feb 21:00,Guatemala Liga Nacional,Coban Imperial v Dep. Municipal
Football,18-Feb 21:00,Colombia Primera Division Femenina,Llaneros Women v Deportivo Pasto Women
Football,18-Feb 22:00,Brazil Paulista A2,Ituano (SP) v Agua Santa
Football,18-Feb 22:00,Brazil Paulista A2,Sertaozinho v CA Juventus
Football,18-Feb 22:00,South America Copa Libertadores,CD O'Higgins v Bahia BA
Football,18-Feb 22:15,Brazil Baiano 1 Division,Vitoria BA v Bahia de Feira
Football,18-Feb 22:15,Brazil Baiano 1 Division,Atletico BA v Porto BA
Football,18-Feb 22:30,Brazil Paulista A2,CA Votuporanguense v Sao Bento
Football,18-Feb 22:30,Brazil Paulista A2,Gremio Prudente v AA Internacional Limeira
Football,18-Feb 22:30,Brazil Goiano 1,Aparecidense v Centro Oeste Futebol Clube
Football,18-Feb 22:30,Brazil Paulista A2,Linense v XV de Piracicaba
Football,18-Feb 22:30,Brazil Paraibano 1 Division,Campinense PB v Sousa
Football,18-Feb 22:30,Brazil Cup,Araguaina TO v Esporte Clube Primavera
Football,18-Feb 23:00,Brazil Paulista A2,Sao Jose EC SP v Associacao Ferroviaria de Esportes
Football,18-Feb 23:00,Brazil Paulista A2,EC Taubate v Santo Andre
Football,18-Feb 23:00,CONCACAF Champions Cup,Defence Force v Philadelphia Union
Football,18-Feb 23:00,Brazil Cup,Betim FC v Piaui Esporte Clube
Football,18-Feb 23:00,Argentina Reserve League,River Plate Reserves v Gimnasia Mendoza Reserves
Football,18-Feb 23:00,Brazil Alagoano,CRB Maceio v Centro Sportivo Alagoano
Football,18-Feb 23:00,Brazil Cup,America SE v Tirol CE
Football,18-Feb 23:00,Brazil Cup,Santa Catarina v IAPE FC
Football,18-Feb 23:00,Brazil Cup,Santa Catarina v IAPE FC
Football,18-Feb 23:00,Brazil Cup,SE do Gama v Monte Roraima FC
Football,18-Feb 23:00,Brazil Alagoano,CRB Maceio v Centro Sportivo Alagoano
Football,18-Feb 23:00,CONCACAF Champions Cup,Defence Force FC v Philadelphia Union
Football,18-Feb 23:00,Nicaragua Primera Division,CD Walter Ferreti v Matagalpa FC
Football,18-Feb 23:30,Brazil Cup,Ivinhema FC v Independente AP
Football,18-Feb 23:30,Brazil Cup,Ulbra Ji Parana v FC Pantanal
Football,19-Feb 00:00,Guatemala Liga Nacional,Malacateco v Club Xelaju
Football,19-Feb 00:00,Saudi Arabia Pro League,Al-Hilal (KSA) v Al Ittihad (KSA)
Football,19-Feb 00:00,Brazil Cup,Galvez v Guapore
Football,19-Feb 00:00,Saudi Arabia Pro League,Al-Khaleej (KSA) v Neom SC
Football,19-Feb 00:00,Brazil Amazonense 1 Division,Amazonas AM v Manauara
Football,19-Feb 00:00,Saudi Arabia Pro League,Al Nasr (KSA) v Al Hazm Rass
Football,19-Feb 00:00,Brazil Paraibano 1 Division,Botafogo PB v Treze Futebol Clube
Football,19-Feb 00:30,South America Copa Libertadores,Nacional Potosi v Botafogo RJ
Football,19-Feb 00:30,South America Copa Libertadores,Barcelona (Ecu) v Argentinos Juniors
Football,19-Feb 00:30,Colombia Primera A,CD Junior Barranquilla v America de Cali
Football,19-Feb 01:00,CONCACAF Champions Cup,O&M FC v FC Cincinnati
Football,19-Feb 01:00,Costa Rica Division 2,AD Aserri v Pitbulls
Football,19-Feb 01:00,CONCACAF Champions Cup,Universidad Organizacion y Metodo FC v FC Cincinnati
Football,19-Feb 02:00,Guatemala Liga Nacional,Antigua GFC v Aurora FC
Football,19-Feb 03:00,CONCACAF Champions Cup,CS Cartagines v Vancouver Whitecaps
Football,19-Feb 07:45,AFC Champions League Two,Macarthur FC v Bangkok United
Football,19-Feb 09:00,Kadinlar Super Ligi Women,Cekmekoy Bilgidoga v Yuksekova Women
Football,19-Feb 10:00,AFC Champions League Two,Gamba Osaka v Pohang Steelers
Football,19-Feb 10:00,COSAFA Women Cup,Eswatini Women v Zimbabwe Women
Football,19-Feb 10:30,Turkey 1. Lig,Adana Demirspor v Sivasspor
Football,19-Feb 10:30,Turkey 1. Lig,Sariyer v Amed Sportif Faliyetler
Football,19-Feb 11:00,Thailand T2,Nakhonsi Utd v Kasetsart University
Football,19-Feb 11:30,Portugal Liga Revelacao U23,Gil Vicente U23 v GD Estoril Praia U23
Football,19-Feb 12:00,Thailand T2,Chainat v Mahasarakham SBT
Football,19-Feb 12:00,Thailand T2,Chainat v Mahasarakham SBT
Football,19-Feb 13:00,Zambian Super League,Zanaco v Zesco United
Football,19-Feb 13:00,COSAFA Women Cup,Zambia Women v Botswana Women
Football,19-Feb 13:00,Austria 2.Frauenliga Women,SG SK Austria Klagenfurt Women v SPG Geretsberg/Bürmoos Women
Football,19-Feb 13:00,Brazil Paraense,Capitao Poco Esporte Clube v Castanhal
Handball,16-Feb 06:00,South Korean Handball League,Chungnam Athletic v Doosan
Handball,16-Feb 08:00,South Korean Handball League Women,Colorful Daegu Women v Gwangju City Women
Handball,16-Feb 10:00,South Korean Handball League Women,Samcheok Women v SK Sugar Gliders Women
Handball,16-Feb 15:30,Romania Liga Nationala Women,SCM Craiova Women v HC Braila Women
Handball,16-Feb 16:00,Romania Liga Nationala,Minaur B Mare v HCM Constanta
Handball,16-Feb 16:00,Turkey Superlig,Istanbul GSK v Trabzonspor
Handball,16-Feb 16:00,Greece A1,ASE Douka v Vrilissia
Handball,16-Feb 18:00,Sweden Elitserien,IF Hallby HK v Helsingborg
Handball,16-Feb 18:00,Germany Bundesliga,ThSV Eisenach v Bergischer HC
Handball,16-Feb 18:00,Sweden Elitserien,Skövde v HK Malmo
Handball,16-Feb 18:00,Sweden Elitserien (Womens),Skovde HF Women v Kungalvs HK Women
Handball,16-Feb 19:30,Poland Ekstraklasa,Wybrzeze Gdansk v MKS Kalisz
Handball,17-Feb 17:45,EHF European League,SL Benfica v HC Vardar Skopje
Handball,17-Feb 17:45,EHF European League,Fredericia HK v Kadetten Schaffhausen
Handball,17-Feb 17:45,EHF European League,SG Flensburg-Handewitt v THW Kiel
Handball,17-Feb 17:45,EHF European League,Elverum v Fraikin BM. Granollers
Handball,17-Feb 19:30,Poland Ekstraklasa Women,Energa AZS Koszalin Women v MKS Lublin Women
Handball,17-Feb 19:45,EHF European League,MT Melsungen v IFK Kristianstad
Handball,17-Feb 19:45,EHF European League,TSV Hannover-Burgdorf v Nexe Nasice
Handball,17-Feb 19:45,EHF European League,FC Porto v SAH Skanderborg AGF
Handball,17-Feb 19:45,EHF European League,Montpellier v Bidasoa Irun
Handball,18-Feb 15:30,Romania Liga Nationala Women,CSM Bucuresti Women v CS Rapid Bucuresti Women
Handball,18-Feb 16:00,Norway Division 1,Bodo v Haslum HK
Handball,18-Feb 17:00,Norway REMA1000-ligaen (Womens),Storhamar Handball Elite Women v Oppsal Women
Handball,18-Feb 17:00,Norway REMA 1000-ligaen,Drammen v Kristiansand
Handball,18-Feb 17:00,Norway Division 1,Bergsoy v Asane
Handball,18-Feb 17:00,Norway REMA1000-ligaen (Womens),Byasen Women v Molde Elite Women
Handball,18-Feb 17:00,Norway Division 1 (Women),Stavanger Women v Glassverket Women
Handball,18-Feb 17:00,Finland SM-Sarja,Dicken v Cocks
Handball,18-Feb 17:00,Norway Division 1 (Women),Flint Tonsberg Women v Asane Women
Handball,18-Feb 17:00,Norway REMA1000-ligaen (Womens),Haslum Baerum Women v Larvik Women
Handball,18-Feb 17:00,Norway REMA1000-ligaen (Womens),Haslum Baerum Women v Larvik Women
Handball,18-Feb 17:00,Norway REMA 1000-ligaen,Halden v Runar
Handball,18-Feb 17:00,Norway REMA1000-ligaen (Womens),Sola Women v Fredrikstad BKL Women
Handball,18-Feb 17:00,Hungary NB 1 Women,Esztergomi Women v Dunaujvarosi KKA Women
Handball,18-Feb 17:00,Czech Republic Extraliga,Koprivnice v Karvina
Handball,18-Feb 17:00,Hungary NB 1 Women,Gyori Audi ETO KC Women v Motherson Mosonmagyarovar Women
Handball,18-Feb 17:00,Hungary NB 1 Women,Vasas Women v DVSC Schaeffler Women
Handball,18-Feb 17:00,Slovenia MIK 1 Liga,Gorenje Velenje v Celje
Handball,18-Feb 17:00,Hungary NB 1 Women,FTC Women v Kisvarda Master Good SE Women
Handball,18-Feb 17:30,Hungary NB1,Budai Farkasok v Balatonfuredi
Handball,18-Feb 17:30,Norway REMA1000-ligaen (Womens),Tertnes Bergen Women v Fjellhammer Women
Handball,18-Feb 17:30,Denmark Handball League Women,Skanderborg Women v Team Esbjerg Women
Handball,18-Feb 17:45,Champions League Men,Szeged v FC Barcelona Intersport
Handball,18-Feb 17:45,Champions League Men,Aalborg v Kolstad
Handball,18-Feb 17:45,Champions League Men,RK Zagreb v Paris
Handball,18-Feb 18:00,Sweden Elitserien (Womens),Onnereds HK Women v Skovde HF Women
Handball,18-Feb 18:00,Sweden Elitserien (Womens),Hoors HK H 65 Women v Boden Handboll IF Women
Handball,18-Feb 18:00,Sweden Elitserien (Womens),Kristianstad HK Women v IK Savehof Women
Handball,18-Feb 18:00,Sweden Elitserien (Womens),Skuru Women v IF Hallby HK Women
Handball,18-Feb 18:00,Sweden Elitserien (Womens),Kungalvs HK Women v HK Aranas Women
Handball,18-Feb 18:00,Norway Division 1 (Women),Kjelsas Women v Gjovik Women
Handball,18-Feb 18:00,Sweden Elitserien (Womens),Vasterasirsta Women v Skara HF Women
Handball,18-Feb 18:00,Denmark Handball League Women,Kobenhavn Women v Ringkobing Handbold Women
Handball,18-Feb 18:00,Denmark Handball League Women,Viborg Women v Odense Handball Women
Handball,18-Feb 18:00,Germany Bundesliga (W),HSG Blomberg-Lippe Women v Frisch Auf Goppingen Women
Handball,18-Feb 18:15,Switzerland Nationalliga A,TSV St. Otmar St. Gallen v Pfadi Winterthur
Handball,18-Feb 18:15,Switzerland Nationalliga A,BSV Bern Muri v Lakers Stafa
Handball,18-Feb 18:30,Germany Bundesliga (W),Thuringer HC Women v Borussia Dortmund Women
Handball,18-Feb 18:30,Germany 2 Bundesliga,Die Eulen Ludwigshafen v HSG Krefeld
Handball,18-Feb 18:30,Germany Bundesliga (W),Neckarsulmer SU Women v Oldenburg Women
Handball,18-Feb 19:00,Denmark Handball League Women,Ikast Women v Nykoping Falster Women
Handball,18-Feb 19:00,Denmark Handball League Women,Ikast Women v Nykoping Falster Women
Handball,18-Feb 19:30,Spain Division de Honor Women,Conservas Orbe Rubensa Porrino Women v Caja Rural Aula Valladolid Women
Handball,18-Feb 19:45,Champions League Men,SC Magdeburg v GOG Handbold
Handball,19-Feb 08:00,South Korean Handball League,Incheon City v Chungnam Athletic
Handball,19-Feb 10:00,South Korean Handball League,SK Hawks v Doosan
Snooker,17-Feb 13:00,Players Championship,Neil Robertson v John Higgins
Snooker,17-Feb 13:00,Players Championship,Wu Yize v Mark Allen
Snooker,17-Feb 19:00,Players Championship,Mark Selby v Jack Lisowski
Snooker,17-Feb 19:00,Players Championship,Chris Wakelin v Xiao Guodong
Snooker,18-Feb 13:00,Players Championship,Judd Trump v Zhou Yuelong
Snooker,18-Feb 13:00,Players Championship,Shaun Murphy v Zhang Anda
Snooker,18-Feb 19:00,Players Championship,Mark Williams v Barry Hawkins
Snooker,18-Feb 19:00,Players Championship,Zhao Xintong v Elliot Slessor
Tennis,16-Feb 05:40,New Delhi Challenger,Luca Castelnuovo v Alexandr Binda
Tennis,16-Feb 06:00,Dubai,Moyuka Uchijima v Karolina Muchova
Tennis,16-Feb 06:00,Dubai,Iva Jovic v Maria Sakkari
Tennis,16-Feb 10:45,Oeiras 125k,Dalila Jakupovic v Nika Radisic
Tennis,16-Feb 12:00,Lille Challenger,Sean Cuenin v Loann Massard
Tennis,16-Feb 12:05,Doha,Valentin Royer v Pierre-Hugues Herbert
Tennis,16-Feb 12:10,Lille Challenger,Mikhail Kukushkin v Hynek Barton
Tennis,16-Feb 12:10,Doha,Jakub Mensik v Jan Choinski
Tennis,16-Feb 12:40,Les Sables 125k,Ekaterina Kazionova v Astrid Lew Yan Foon
Tennis,16-Feb 12:45,Oeiras 125k,Viktorija Golubic v Ana Filipa Santos
Tennis,16-Feb 13:00,Dubai,Elisabetta Cocciaretto v Emma Raducanu
Tennis,16-Feb 13:00,Rio de Janeiro,Laslo Djere v Ignacio Buse
Tennis,16-Feb 13:00,Les Sables 125k,Anastasiya Soboleva v Dominika Salkova
Tennis,16-Feb 13:30,Tigre Challenger,Stefan Palosi v Conner Huertas Del Pino
Tennis,16-Feb 13:30,Dubai,Jelena Ostapenko v Anna Kalinskaya
Tennis,16-Feb 13:30,Dubai,Antonia Ruzic v Emma Raducanu
Tennis,16-Feb 13:30,Tigre Challenger,Juan Estevez v Benjamin Chelia
Tennis,16-Feb 13:30,Tigre Challenger,Bruno Fernandez v Santiago De La Fuente
Tennis,16-Feb 14:00,Lille Challenger,Nishesh Basavareddy v Marat Sharipov
Tennis,16-Feb 14:00,Doha,Arthur Fils v Kamil Majchrzak
Tennis,16-Feb 14:00,Lille Challenger,Kimmer Coppejans v Felix Balshaw
Tennis,16-Feb 15:00,Dubai,Jaqueline Cristian v Petra Marcinko
Tennis,16-Feb 15:00,Dubai,Katerina Siniakova v Paula Badosa Gibert
Tennis,16-Feb 15:00,Tigre Challenger,Joao Eduardo Schiessl v Ezequiel Monferrer
Tennis,16-Feb 15:00,Les Sables 125k,Sofia Costoulas v Chloe Paquet
Tennis,16-Feb 15:00,Dubai,Jaqueline Cristian v Victoria Mboko
Tennis,16-Feb 15:00,Oeiras 125k,Carole Monnet v Suzan Lamens
Tennis,16-Feb 15:00,Oeiras 125k,Fiona Crawley v Madalena Matias
Tennis,16-Feb 15:00,Oeiras 125k,Emily Appleton v Kaitlin Quevedo
Tennis,16-Feb 15:00,Midland 125k,Sakura Hosogi v Alana Smith
Tennis,16-Feb 15:00,Tigre Challenger,Nicolas Zanellato v Jose Pereira
Tennis,16-Feb 15:00,Tigre Challenger,Nicolas Zanellato v Jose Pereira
Tennis,16-Feb 15:00,Midland 125k,Lea Ma v Sara Daavettila
Tennis,16-Feb 15:00,Tigre Challenger,Thiago Cigarran v Joao Vitor Scramin Do Lago
Tennis,16-Feb 16:00,Metepec Challenger,Guillaume Dalmasso v Benjamin Thomas George
Tennis,16-Feb 16:00,Lille Challenger,Vitaliy Sachko v Titouan Droguet
Tennis,16-Feb 16:00,Metepec Challenger,Natan Rodrigues v Juan Sebastian Osorio
Tennis,16-Feb 16:00,Metepec Challenger,Cannon Kingsley v Noah Schachter
Tennis,16-Feb 16:30,Doha,Tomas Machac v Jannik Sinner
Tennis,16-Feb 17:00,Tigre Challenger,Lorenzo Joaquin Rodriguez v Joaquín Aguilar Cardozo
Tennis,16-Feb 17:00,Les Sables 125k,Ksenia Efremova v Mona Barthel
Tennis,16-Feb 17:00,Dubai,Barbora Krejcikova v Amanda Anisimova
Tennis,16-Feb 17:00,Midland 125k,Sofia Elena Cabezas Dominguez v Dalayna Hewitt
Tennis,16-Feb 17:00,Tigre Challenger,Valerio Aboian v Maximo Zeitune
Tennis,16-Feb 17:00,Midland 125k,Victoria Hu v Shilin Xu
Tennis,16-Feb 17:30,Lille Challenger,Luca Van Assche v Leandro Riedi
Tennis,16-Feb 17:30,Delray Beach,Nuno Borges v Chak Lam Coleman Wong
Tennis,16-Feb 18:00,Delray Beach,Patrick Kypson v Terence Atmane
Tennis,16-Feb 18:00,Metepec Challenger,Ben Jones v Kosuke Ogura
Tennis,16-Feb 18:00,Lille Challenger,August Holmgren v Sascha Gueymard Wayenburg
Tennis,16-Feb 18:00,Metepec Challenger,Alafia Ayeni v Amit Vales
Tennis,16-Feb 18:00,Metepec Challenger,Josh Sheehy v Axel Nefve
Tennis,16-Feb 18:30,Doha,Daniil Medvedev v Juncheng Shang
Tennis,16-Feb 19:00,Midland 125k,Madison Brengle v Katrina Scott
Tennis,16-Feb 19:00,Midland 125k,Hanna Chang v Mary Stoiana
Tennis,16-Feb 19:30,Rio de Janeiro,Christian Garin v Thiago Agustin Tirante
Tennis,16-Feb 19:30,Lille Challenger,Sebastian Ofner v Hugo Gaston
Tennis,16-Feb 20:00,Metepec Challenger,Gijs Brouwer v Sebastian Gima
Tennis,16-Feb 20:00,Delray Beach,Valentin Vacherot v Alex Michelsen
Tennis,16-Feb 20:00,Metepec Challenger,Blaise Bicknell v Karl Poling
Tennis,16-Feb 20:00,Metepec Challenger,Borna Gojo v Facundo Mena
Tennis,16-Feb 21:00,Midland 125k,Elizabeth Mandlik v Anna Frey
Tennis,16-Feb 21:00,Midland 125k,Elizabeth Mandlik v Anna Frey
Tennis,16-Feb 21:00,Rio de Janeiro,Dusan Lajovic v Daniel Altmaier
Tennis,16-Feb 21:00,Midland 125k,Lia Karatancheva v Xiaodi You
Tennis,16-Feb 21:30,Rio de Janeiro,Alejandro Tabilo v Emilio Nava
Tennis,16-Feb 22:00,Metepec Challenger,Stefan Kozlov v Tristan Mccormick
Tennis,16-Feb 22:00,Rio de Janeiro,Gustavo Heide v Vit Kopriva
Tennis,16-Feb 22:00,Metepec Challenger,Alan Fernando Rubio Fierros v Bernard Tomic
Tennis,16-Feb 23:00,Midland 125k,Ashlyn Krueger v Katherine Sebov
Tennis,16-Feb 23:00,Delray Beach,Sho Shimabukuro v Marcos Giron
Tennis,16-Feb 23:30,Rio de Janeiro,Igor Marcondes v Ignacio Buse
Tennis,17-Feb 00:00,Rio de Janeiro,Yannick Hanfmann v Joao Lucas Silva
Tennis,17-Feb 01:00,Delray Beach,Rinky Hijikata v Frances Tiafoe
Tennis,17-Feb 04:30,New Delhi Challenger,Manas Dhamne v Rio Noguchi
Tennis,17-Feb 04:30,New Delhi Challenger,Sanhui Shin v Ilya Ivashka
Tennis,17-Feb 04:30,New Delhi Challenger,Alastair Gray v Hyeon Chung
Tennis,17-Feb 05:00,New Delhi Challenger,Ilya Ivashka v Alexandr Binda
Tennis,17-Feb 06:00,Dubai,Peyton Stearns v Clara Tauson
Tennis,17-Feb 06:00,Dubai,Iva Jovic v Diana Shnaider
Tennis,17-Feb 06:00,Doha,Carlos Alcaraz Garfia v Arthur Rinderknech
Tennis,17-Feb 06:00,Dubai,Linda Noskova v Sorana Cirstea
Tennis,17-Feb 06:00,Doha,Jiri Lehecka v Jenson Brooksby
Tennis,17-Feb 06:00,Dubai,Mirra Andreeva v Daria Kasatkina
Tennis,17-Feb 06:00,Doha,Marton Fucsovics v Hady Habib
Tennis,17-Feb 06:00,Dubai,Belinda Bencic v Sara Bejlek
Tennis,17-Feb 06:00,Doha,Ugo Humbert v Fabian Marozsan
Tennis,17-Feb 06:00,Doha,Moez Echargui v Stefanos Tsitsipas
Tennis,17-Feb 06:00,Dubai,Elena Rybakina v Kimberly Birrell
Tennis,17-Feb 06:00,Doha,Jaume Munar v Karen Khachanov
Tennis,17-Feb 06:00,Doha,Pablo Carreno-Busta v Alexander Bublik
Tennis,17-Feb 06:00,Doha,Zizou Bergs v Giovanni Perricard
Tennis,17-Feb 06:00,Dubai,Alexandra Eala v Jasmine Paolini
Tennis,17-Feb 06:00,Dubai,Alexandra Eala v Jasmine Paolini
Tennis,17-Feb 06:00,Doha,Jesper De Jong v Andrey Rublev
Tennis,17-Feb 06:00,Dubai,Varvara Gracheva v Jessica Pegula
Tennis,17-Feb 06:00,Doha,Zhizhen Zhang v Roberto Carballes Baena
Tennis,17-Feb 06:00,Dubai,Ekaterina Alexandrova v Magda Linette
Tennis,17-Feb 06:00,Dubai,Elise Mertens v Emma Navarro
Tennis,17-Feb 06:30,New Delhi Challenger,Petr Bar Biryukov v Digvijaypratap Singh
Tennis,17-Feb 06:30,New Delhi Challenger,Alexandr Binda v Denis Yevseyev
Tennis,17-Feb 06:30,New Delhi Challenger,Maks Kasnikowski v Jay Clarke
Tennis,17-Feb 08:30,New Delhi Challenger,David Jorda Sanchis v Sumit Nagal
Tennis,17-Feb 08:30,New Delhi Challenger,Sapfo Sakellaridi v Manish Sureshkumar
Tennis,17-Feb 08:30,New Delhi Challenger,Dane Sweeny v Beibit Zhukayev
Tennis,17-Feb 10:00,Les Sables 125k,Alina Korneeva v Lola Radivojevic
Tennis,17-Feb 10:00,Les Sables 125k,Darja Semenistaja v Aliona Bolsova Zadoinov
Tennis,17-Feb 10:00,Les Sables 125k,Irene Burillo Escorihuela v Harmony Tan
Tennis,17-Feb 10:00,Les Sables 125k,Anna Siskova v Jessika Ponchet
Tennis,17-Feb 10:00,Les Sables 125k,Manon Leonard v Raluca Georgiana Serban
Tennis,17-Feb 10:00,Les Sables 125k,Fiona Ferro v Lucrezia Stefanini
Tennis,17-Feb 10:00,Les Sables 125k,Lucia Bronzetti v Andrea Lazaro Garcia
Tennis,17-Feb 10:00,Les Sables 125k,Greetje Minnen v Camilla Rosatello
Tennis,17-Feb 10:00,Les Sables 125k,Oceane Dodin v Tamara Korpatsch
Tennis,17-Feb 10:00,Lille Challenger,Filip Misolic v Martin Landaluce
Tennis,17-Feb 10:00,Lille Challenger,Jerome Kym v Lloyd George Harris
Tennis,17-Feb 10:00,Lille Challenger,Daniil Glinka v Benjamin Bonzi
Tennis,17-Feb 10:00,Oeiras 125k,Caroline Werner v Sinja Kraus
Tennis,17-Feb 10:00,Lille Challenger,Clement Chidekh v Jacob Fearnley
Tennis,17-Feb 10:00,Oeiras 125k,Iryna Shymanovich v Nuria Parrizas-Diaz
Tennis,17-Feb 10:00,Lille Challenger,Alexander Blockx v Roman Safiullin
Tennis,17-Feb 10:00,Oeiras 125k,Daria Snigur v Viktoria Hruncakova
Tennis,17-Feb 10:00,Lille Challenger,David Goffin v Joel Schwaerzler
Tennis,17-Feb 10:00,Oeiras 125k,Sara Sorribes Tormo v Teodora Kostovic
Tennis,17-Feb 10:00,Oeiras 125k,Sara Sorribes Tormo v Teodora Kostovic
Tennis,17-Feb 10:00,Oeiras 125k,Francisca Jorge v Linda Klimovicova
Tennis,17-Feb 10:00,Oeiras 125k,Yue Yuan v Anouk Koevermans
Tennis,17-Feb 10:00,Oeiras 125k,Elina Avanesyan v Angelina Voloshchuk
Tennis,17-Feb 10:00,Les Sables 125k,Yidi Yang v Kristina Mladenovic
Tennis,17-Feb 10:30,New Delhi Challenger,Philip Sekulic v Dimitar Kuzmanov
Tennis,17-Feb 10:30,New Delhi Challenger,Federico Ferreira Silva v Rei Sakamoto
Tennis,17-Feb 10:30,New Delhi Challenger,Federico Agustin Gomez v Felix Gill
Tennis,17-Feb 11:30,New Delhi Challenger,Federico Cina v Ioannis Xilas
Tennis,17-Feb 13:00,Rio de Janeiro,Francisco Cerundolo v Mariano Navone
Tennis,17-Feb 13:00,Rio de Janeiro,Luis Miguel v Vilius Gaubas
Tennis,17-Feb 13:00,Rio de Janeiro,Camilo Ugo Carabelli v Roman Andres Burruchaga
Tennis,17-Feb 13:00,Rio de Janeiro,Lorenzo Sonego v Matteo Berrettini
Tennis,17-Feb 13:00,Rio de Janeiro,Damir Dzumhur v Pedro Martinez Portero
Tennis,17-Feb 13:00,Tigre Challenger,Carlos Maria Zarate v Miguel Damas
Tennis,17-Feb 13:00,Rio de Janeiro,Juan Manuel Cerundolo v Luciano Darderi
Tennis,17-Feb 13:00,Tigre Challenger,Andrea Collarini v Lucio Ratti
Tennis,17-Feb 13:00,Rio de Janeiro,Tomas Martin Etcheverry v Francisco Comesana
Tennis,17-Feb 13:00,Tigre Challenger,Pedro Sakamoto v Carlos Sanchez Jover
Tennis,17-Feb 13:00,Rio de Janeiro,Carlos Taberner v Sebastian Baez
Tennis,17-Feb 13:00,Tigre Challenger,Franco Agamenone v Guido Ivan Justo
Tennis,17-Feb 13:00,Tigre Challenger,Juan Bautista Torres v Mariano Kestelboim
Tennis,17-Feb 13:00,Tigre Challenger,Gianluca Cadenasso v Nicolas Kicker
Tennis,17-Feb 13:00,Tigre Challenger,Luciano Emanuel Ambrogi v Genaro Alberto Olivieri
Tennis,17-Feb 13:00,Tigre Challenger,Alvaro Guillen Meza v Juan Pablo Varillas
Tennis,17-Feb 13:00,Tigre Challenger,Dante Pagani v Lautaro Midon
Tennis,17-Feb 13:00,Rio de Janeiro,Joao Fonseca v Thiago Monteiro
Tennis,17-Feb 13:00,Tigre Challenger,Daniel Dutra Da Silva v Gonzalo Bueno
Tennis,17-Feb 13:00,Rio de Janeiro,Dino Prizmic v Alexandre Muller
Tennis,17-Feb 15:00,Metepec Challenger,Juan Pablo Ficovich v Ryan Fishback
Tennis,17-Feb 15:00,Midland 125k,Katarina Jokic v Elisabeth Jones
Tennis,17-Feb 15:00,Midland 125k,Katarina Jokic v Elisabeth Jones
Tennis,17-Feb 15:00,Metepec Challenger,Alexis Galarneau v Nick Hardt
Tennis,17-Feb 15:00,Metepec Challenger,Juan Carlos Manuel Aguilar v Andres Martin
Tennis,17-Feb 15:00,Midland 125k,Carolyn Ansari v Nao Hibino
Tennis,17-Feb 15:00,Metepec Challenger,Edward Winter v Ryan Dickerson
Tennis,17-Feb 15:00,Midland 125k,Cadence Brace v Kayla Cross
Tennis,17-Feb 15:00,Metepec Challenger,Juan Sebastian Gomez v Andres Andrade
Tennis,17-Feb 15:00,Midland 125k,Hanyu Guo v Louisa Chirico
Tennis,17-Feb 15:00,Midland 125k,Elvina Kalieva v Anna Rogers
Tennis,17-Feb 15:00,Midland 125k,Elizabeth Coleman v Kayla Day
Tennis,17-Feb 15:00,Midland 125k,Kanon Sawashiro v Darja Vidmanova
Tennis,17-Feb 17:00,Delray Beach,Corentin Moutet v Tommy Paul
Tennis,17-Feb 17:00,Delray Beach,Brandon Nakashima v Marin Cilic
Tennis,17-Feb 17:00,Delray Beach,Miomir Kecmanovic v Mattia Bellucci
Tennis,17-Feb 17:00,Delray Beach,Ethan Quinn v Rafael Jodar
Tennis,17-Feb 17:00,Delray Beach,Eliot Spizzirri v Gabriel Diallo
Tennis,17-Feb 17:00,Delray Beach,Sebastian Korda v Mackenzie McDonald
Tennis,17-Feb 17:00,Delray Beach,Aleksandar Kovacevic v Zachary Svajda
Tennis,18-Feb 05:00,New Delhi Challenger,Michael Geerts v Daniel Michalski
Volleyball,16-Feb 16:30,Poland Liga Siatkowki (W),LKS Commercecon Lodz Women v KPSK Stal Mielec Women
Volleyball,16-Feb 19:00,Poland Liga Siatkowki (W),Radomka Radom Women v MKS Sokol Mogilno Women
Volleyball,16-Feb 19:30,Denmark VolleyLiga (Men),Ikast KFUM v Hvidovre VK
Volleyball,17-Feb 05:00,South Korea V League,Daejeon Samsung Bluefangs v Hyundai Skywalkers
Volleyball,17-Feb 07:00,South Korea V League Women,Korea Expressway Women v Incheon Pink Spiders Women
Volleyball,17-Feb 11:00,Turkish Erkekler 1. Ligi,Duzce v Karapinar Anadolu Leoparlari
Volleyball,17-Feb 13:00,Turkish Erkekler 1. Ligi,TVF Spor Lisesi Women v Yucelen Anamur
Volleyball,17-Feb 14:00,Turkish Erkekler 1. Ligi,Siran Akademi v Fenerbahce 2
Volleyball,17-Feb 16:00,Turkish Erkekler 1. Ligi,Adanaspor v Sungurlu
Volleyball,17-Feb 16:00,Poland Plusliga,Lotos Trefl Gdansk v Politechnika Lublin
Volleyball,17-Feb 16:30,Finland Mestaruusliiga Men,AC Oulu Volley v Vammalan Lentopallo
Volleyball,17-Feb 17:00,CEV Challenge Cup (M),PAOK v Lindemans Aalst
Volleyball,17-Feb 18:00,CEV Challenge Cup (M),VKP Bratislava v Maccabi Tel Aviv
Volleyball,17-Feb 19:00,CEV Cup (W),Levallois Women v Galatasaray Women
Volleyball,18-Feb 05:00,South Korea V League,Incheon Korean Air Jumbos v Ansan
Volleyball,18-Feb 07:00,South Korea V League Women,AI Peppers Women v Daejeon JKJ Women
Volleyball,18-Feb 13:00,Turkish Kadinlar 1. Ligi Women,Manavgat Women v Zeren Spor Women
Volleyball,18-Feb 13:00,Turkish Kadinlar 1. Ligi Women,Gaziantep Merinos Women v Diyarbakir Women
Volleyball,18-Feb 14:30,Denmark VolleyLiga (Women),Brondby VK Women v Farum VK Women
Volleyball,18-Feb 16:00,CEV Challenge Cup (M),TFL Altekma v Remat Zalau
Volleyball,18-Feb 16:30,Finland Women's SM-Liiga,Nurmon Jymy Women v Oriveden Ponnistus Women
Volleyball,18-Feb 16:30,Finland Mestaruusliiga Men,Akaa Volley v Savo Volley
Volleyball,18-Feb 16:30,Finland Mestaruusliiga Men,Raision Loimu v Kyky
Volleyball,18-Feb 17:00,Champions League Men,CZU Praha v Guaguas
Volleyball,18-Feb 17:00,Champions League Men,Aluron Virtu Warta Zawiercie v SVG Luneburg
Volleyball,18-Feb 17:00,Champions League Women,Schweriner SC Women v Zeren Spor Women
Volleyball,18-Feb 17:00,Champions League Women,Igor Gorgonzola Novara Women v Savino Del Bene Scandicci Women
Volleyball,18-Feb 17:00,Champions League Women,Olympiakos Women v Saugella Team Monza Women
Volleyball,18-Feb 17:00,CEV Challenge Cup Women,Panathinaikos Athens Women v Panionios Women
Volleyball,18-Feb 17:00,CEV Challenge Cup Women,KNRC Women v Megabox Vallefoglia Women
Volleyball,18-Feb 17:30,Sweden Elitserien Women,Falkoping Women v Gislaved
Volleyball,18-Feb 17:30,Sweden Elitserien Women,Falkoping Women v Gislaved
Volleyball,18-Feb 17:30,Denmark VolleyLiga (Women),Ikast KFUM Women v Aalborg Volleyball Women
Volleyball,18-Feb 17:30,Champions League Men,Cucine Lube Civitanova v ONICO Warszawa
Volleyball,18-Feb 18:00,CEV Challenge Cup (M),Maccabi Tel Aviv v VKP Bratislava
Volleyball,18-Feb 18:30,Champions League Men,Berlin Recycling Volleys v Sir Safety Conad Perugia
Volleyball,18-Feb 19:00,CEV Cup (M),Stade Poitevin Poitiers v VfB Friedrichshafen
Volleyball,18-Feb 19:00,Champions League Men,Tours VB v Ach Volley
Volleyball,18-Feb 19:30,Denmark VolleyLiga (Men),ASV Arhus v Gentofte Volley
Volleyball,18-Feb 19:30,Denmark VolleyLiga (Men),Ikast KFUM v Odense Volleyball
Volleyball,18-Feb 19:30,Denmark VolleyLiga (Women),Elite Volley Aarhus Women v Gentofte Volley Women
Volleyball,18-Feb 19:30,Champions League Men,Diatec Trentino v Ziraat Bankasi Ankara
Volleyball,18-Feb 19:30,Champions League Men,SC Portugal Lisboa v Asseco Resovia Rzeszow
Volleyball,18-Feb 19:30,Champions League Men,Knack Randstad Roeselare v Halkbank
Volleyball,18-Feb 19:30,Champions League Men,Volley Haasrode Leuven v Montpellier
Volleyball,18-Feb 19:30,Champions League Men,Politechnika Lublin v Galatasaray
Volleyball,18-Feb 19:30,CEV Cup (M),LPR Piacenza v Jastrzebski Wegiel
Volleyball,18-Feb 19:30,CEV Cup (M),Noliko Maaseik v CEZ Karlovarsko
Volleyball,18-Feb 19:30,CEV Challenge Cup (M),Revivre Milano v KS Norwid Czestochowa
